,compounds,mzs,shortRT,mz,ratios,gro,int,longRT,estC,SS,phenolics,acid,NN,aliph,CO,bs,ord,,,,,,,,,,,,
7.62,,192.064,11.20882775,c(192.063522644301, 193.067852932974),c(1, 0.0990116512687116),7,c(73419.7987692723, 7265.43043705052),20.09140773,8,0,0,1,0,0,0,0,26,,,,,,,,,
7.312,chlorogenic acid (non-unique hit)  OR  cryptochlorogenic acid (non-unique hit),354.095,11.1901978,c(354.095236617563,355.099255, 356.075089918825),c(1,0.190450024, 0.262480811406092),7,c(62199.7407628817,11849.7782, 16326.8724710611),20.06262476,16,0,1,0,0,0,0,1,295,,,,,,
7.36,,376.094,11.20171128,c(376.094260071361, 377.085281834),c(1, 0.178988922810676),7,c(155099.108931142, 27763.634765842),20.08042594,15,0,1,0,0,0,0,1,345,,,,,,,,,
7.403,,392.056,11.20082167,c(392.05620476251, 393.056721412116),c(1, 0.256782206375459),7,c(5065.45286440878, 1308.35316289207),20.079052,22,0,3,0,0,0,0,0,388,,,,,,,,,
7.491,,432.128,11.17080498,c(432.128159488605, 433.131103638769),c(1, 0.201014846967192),7,c(52590.3503753318, 10575.366715708),20.03254608,17,0,1,0,0,0,0,1,477,,,,,,,,,
7.1139,,708.19,11.19050962,c(708.190051900089,709.1928244, 710.196848425353),c(1,0.407277364, 0.218466802254086),7,c(9421.84044629509,3838.38183, 2060.7236431784),20.06310743,36,0,4,0,0,0,0,1,1139,,,,,,
7.1189,,732.156,11.20636272,c(732.155944873056, 733.152580363817),c(1, 0.426636573601684),7,c(2477.94710499899, 1054.18553033851),20.08760565,37,0,4,0,0,0,0,1,1189,,,,,,,,,
7.1574,,985.391,11.19961042,c(985.390879716241,986.3914709, 987.395978720357),c(1,0.446635205, 0.156565632017242),7,c(14004.518936765,6246.752134, 2188.58010978672),20.07718091,39,0,2,0,1,0,0,1,1574,,,,,,
9.8,,202.121,14.44294673,c(202.120932713451, 203.123494184746),c(1, 0.141270537011737),9,c(9622.77000288903, 1365.66393658212),23.35248282,12,0,1,0,0,0,0,0,47,,,,,,,,,
9.159,,268.096,14.44101006,c(268.095609889234, 269.096548012687),c(1, 0.165582524305394),9,c(39880.6940927103, 6606.44416151001),23.35146754,14,0,1,0,0,0,0,0,139,,,,,,,,,
9.304,,352.063,14.45948422,c(352.063001538019, 353.064525802845),c(1, 0.158296020733535),9,c(138591.346128988, 21941.0834077697),23.36111886,14,0,1,0,0,0,0,1,287,,,,,,,,,
9.845,,582.193,14.48420171,c(582.193436008145, 583.195638785382),c(1, 0.33496603662839),9,c(14697.6985894412, 4919.89976642043),23.37391527,29,0,3,0,0,0,0,1,841,,,,,,,,,
9.852,,586.227,14.45797814,c(586.226778831557, 587.227927986257),c(1, 0.339307425337742),9,c(11597.2920548764, 3937.3184959616),23.36033485,30,0,3,0,0,0,0,1,848,,,,,,,,,
10.98,,216.137,21.4335223,c(216.13673828584,217.1382875, 218.152664944264),c(1,0.144675982, 0.22337486194034),10,c(19574.2145281873,2831.918703, 4372.38746782442),37.08333224,12,0,0,1,0,0,0,0,75,,,,,,
10.204,,298.161,21.48009681,c(298.160731891835, 299.165329386227),c(1, 0.192329075077221),10,c(2196272.55963567, 422407.070012209),37.41433289,17,0,1,0,0,0,0,0,185,,,,,,,,,
10.207,,300.064,21.43776738,c(300.064133431395, 301.067788454009),c(1, 0.180451023888269),10,c(273634.685304666, 49377.6591345712),37.11323437,16,0,2,0,0,0,0,0,189,,,,,,,,,
10.254,,330.074,21.42626563,c(330.073762479629, 331.078125163868),c(1, 0.194166084374251),10,c(572774.61732805, 111213.404675548),37.0323401,17,0,2,0,0,0,0,0,236,,,,,,,,,
10.28,,340.207,21.44515333,c(340.207126640203, 341.211751410314),c(1, 0.225169779201341),10,c(1251663.77597029, 281836.856069548),37.16538791,20,0,1,0,0,0,0,0,262,,,,,,,,,
10.307,,352.225,21.45424201,c(352.224667962843,353.2260955, 354.240731441592),c(1,0.202237581, 0.780825292653532),10,c(44177.7177050561,8934.394755, 34495.0793558155),37.22978718,18,0,1,1,0,0,0,1,290,,,,,,
10.334,,362.302,21.42770928,c(362.302233719438, 363.305658152143),c(1, 0.217153028095029),10,c(16457.3157894383, 3582.72865291083),37.04247212,19,0,1,1,0,0,0,1,319,,,,,,,,,
10.357,,374.268,21.41658992,c(374.26769791202, 375.271056544518),c(1, 0.218191566545373),10,c(166740.716159428, 36381.418065723),36.96459136,19,0,1,1,0,0,0,1,342,,,,,,,,,
10.365,,380.021,21.47014908,c(380.021394800128,381.0248349, 382.014337334881),c(1,0.233246914, 0.127895572146547),10,c(17097.0016618719,3987.822868, 2186.63080953557),37.34309165,20,1,2,0,0,0,0,0,350,,,,,,
10.4,,390.264,21.46145123,c(390.264325295834, 391.264251042094),c(1, 0.175894546568375),10,c(45135.6698091937, 7939.11817514803),37.28104417,15,0,0,1,0,0,0,1,385,,,,,,,,,
10.409,,396.212,21.47442801,c(396.211672616458, 397.219327779965),c(1, 0.330830236395094),10,c(33522.5009647548, 11155.5464786426),37.37369911,29,0,2,0,0,0,1,0,394,,,,,,,,,
10.432,,404.273,21.44730045,c(404.273295258024,405.2772731,406.2932022,407.2976746, 408.308184062513),c(1,0.212524785,1.066034706,0.223242956, 0.74348308040872),10,c(25591.7705660107,5438.885536,27179.33059,5686.462172, 19023.7144442756),37.18057949,18,0,0,1,0,0,0,1,418
10.628,,488.264,21.46145122,c(488.263949392762, 489.267872056482),c(1, 0.282063343897695),10,c(14644.9929545583, 4130.81568412091),37.28104411,25,0,2,1,0,0,0,1,619,,,,,,,,,
10.677,,508.135,21.44541556,c(508.135007310209,509.1496082, 510.118805572373),c(1,0.411366206, 0.281464421600236),10,c(16720.4983991543,6878.247985, 4706.22541078564),37.16724255,36,1,4,0,0,0,1,0,670,,,,,,
10.709,,522.119,21.4077765,c(522.118977404868, 523.126784877048),c(1, 0.455328468211161),10,c(11333.1904793145, 5160.32426089157),36.9031203,40,0,5,0,0,0,1,0,704,,,,,,,,,
10.902,,608.177,21.4524922,c(608.176501850202, 609.17901902136),c(1, 0.409601126377617),10,c(15418.2081658479, 6315.31543145587),37.21736952,36,0,4,0,0,0,0,0,899,,,,,,,,,
10.1021,,660.309,21.43372156,c(660.308956315431, 661.287822164989),c(1, 0.399277861049043),10,c(18210.1561875357, 7270.91221192824),37.08473458,35,0,3,0,0,0,0,1,1019,,,,,,,,,
10.1026,,662.198,21.43350551,c(662.198130068034, 663.206998836533),c(1, 0.468797404286049),10,c(10594.9556898149, 4966.88772591092),37.08321406,41,0,5,0,0,0,0,0,1024,,,,,,,,,
10.1051,,670.398,21.41930636,c(670.397918818539,671.4092167,672.4080063, 673.412625187563),c(1,0.330034337,0.816747354, 0.290525257845326),10,c(12178.0772782485,4019.183655,9946.412397, 3538.03904132345),36.98358382,29,0,1,1,0,0,0,1,1050,,,
10.1215,,744.426,21.4274075,c(744.425615846223, 745.433648200432),c(1, 0.590255513999004),10,c(6248.45823963892, 3688.18692993938),37.04035358,52,0,6,0,0,0,1,0,1215,,,,,,,,,
10.137,,828.449,21.47651592,c(828.448610006031, 829.457330883712),c(1, 0.377013604666323),10,c(18211.6654016538, 6852.23419109599),37.38865398,33,0,1,1,0,0,0,1,1370,,,,,,,,,
10.1417,,860.336,21.41976855,c(860.336243121567,861.3379202, 862.361861191718),c(1,0.699220753, 0.672222651970553),10,c(6253.49121480051,4375.390586, 4203.52600633136),36.98681745,61,0,8,0,0,0,1,0,1417,,,,,,
10.143,,870.39,21.42591515,c(870.389819255089, 871.418745598466),c(1, 0.715458226739229),10,c(6416.75186138936, 4596.72579181687),37.02988121,63,0,8,0,0,0,1,0,1430,,,,,,,,,
10.1521,,942.466,21.42688613,c(942.465677477638, 943.46503290046),c(1, 0.517741637624766),10,c(11767.5196717068, 6098.09149002399),37.03669419,45,0,3,0,0,0,0,1,1521,,,,,,,,,
10.1564,,972.495,21.47408395,c(972.494799021544, 973.497386398775),c(1, 0.485697380031858),10,c(43411.6169871351, 21084.908633598),37.37123599,43,0,2,0,0,0,0,1,1564,,,,,,,,,
10.1594,,1000.518,21.46429337,c(1000.51795210139, 1001.52962796231),c(1, 0.657342045849706),10,c(4342.33838871491, 2851.78245356844),37.30129419,58,0,9,0,0,0,1,0,1594,,,,,,,,,
10.1629,,1028.426,21.44299568,c(1028.42592331707,1029.399551, 1030.38769948712),c(1,0.585369966, 0.727489018321385),10,c(3922.79672606301,2296.287387, 2842.11800611674),37.15013561,51,0,4,0,0,0,0,1,1629,,,,,,
10.1684,,1076.533,21.40965432,c(1076.53314740456, 1077.54298681639),c(1, 0.385595571213888),10,c(5494.32094499961, 2117.32473612889),36.91619843,34,0,1,0,0,0,1,0,1684,,,,,,,,,
10.1736,,1120.573,21.46680336,c(1120.5726816386, 1121.57519429589),c(1, 0.550074763668044),10,c(20648.5765066641, 11357.4625524624),37.31919768,48,0,5,0,0,0,1,0,1736,,,,,,,,,
10.1756,,1136.572,21.45857955,c(1136.57160402175, 1137.57406539959),c(1, 0.55022237367739),10,c(18825.8779106793, 10361.4759950388),37.2606082,48,0,4,0,0,0,1,0,1756,,,,,,,,,
10.1799,,1176.563,21.44023986,c(1176.56340327005, 1177.56725047417),c(1, 0.688995170135037),10,c(5661.55903596658, 3909.63022092495),37.13067493,61,0,8,0,0,0,1,0,1799,,,,,,,,,
10.1838,,1220.62,21.42101616,c(1220.62032147075, 1221.62911315605),c(1, 0.646669294876382),10,c(5845.4023131485, 3786.81009932599),36.99554932,57,0,6,0,0,0,1,0,1838,,,,,,,,,
10.1846,,1228.587,21.45707788,c(1228.5867896, 1229.58279424979),c(1, 0.747547278091307),10,c(3413.4705411897, 2557.46726202817),37.24993154,66,0,9,0,0,0,1,0,1846,,,,,,,,,
10.1869,,1248.587,21.4304389,c(1248.58727203646, 1249.58242714122),c(1, 0.7187210252123),10,c(2304.94299708397, 1654.92454894819),37.06164637,63,0,8,0,0,0,1,0,1869,,,,,,,,,
10.1891,,1262.637,21.46516509,c(1262.6370367158,1263.641067, 1264.64491737282),c(1,0.761547445, 0.653836885791926),10,c(3682.11513680438,2800.485516, 2414.20445071642),37.30750995,67,0,8,0,0,0,1,0,1891,,,,,,
10.1912,,1282.632,21.43299955,c(1282.63210685207, 1283.63627225396),c(1, 0.719440007309892),10,c(5107.49112413988, 3676.67358974931),37.07965369,63,0,7,0,0,0,1,0,1912,,,,,,,,,
10.1921,,1292.612,21.43400614,c(1292.6115426364, 1293.61509650993),c(1, 0.779333216405383),10,c(3100.56118024532, 2425.38633789588),37.08673765,69,0,9,0,0,0,1,0,1921,,,,,,,,,
10.1963,,1350.656,21.44178271,c(1350.65612251883, 1351.62884882981),c(1, 0.808919692781805),10,c(1837.65522039027, 1489.87359077365),37.14156728,71,0,9,0,0,0,1,0,1963,,,,,,,,,
12.177,linolenic acid,278.225,23.05904431,c(278.224647649304, 279.229235876391),c(1, 0.207563076910587),12,c(463511.645327855, 96207.9032881384),53.10322019,18,0,0,1,0,0,1,0,157,,,,,,,,,
12.191,,286.252,23.05024123,c(286.25219809959, 287.255428024236),c(1, 0.196044682964528),12,c(15501.3725416654, 3038.96166544583),52.98797068,17,0,0,1,0,0,0,0,171,,,,,,,,,
12.213,,306.236,23.01948513,c(306.235814627491, 307.237468180852),c(1, 0.196397930148261),12,c(78079.302857906, 15332.6761219361),52.5880896,17,0,0,1,0,0,0,0,195,,,,,,,,,
12.226,,316.204,23.0027178,c(316.204186096433, 317.208515155024),c(1, 0.218677449184695),12,c(313167.524217791, 68482.6753634328),52.37189613,19,0,1,1,0,0,0,0,208,,,,,,,,,
12.294,,346.217,23.02133119,c(346.216737722273, 347.217909075815),c(1, 0.213955585901538),12,c(39882.0619840082, 8532.98993874995),52.61197005,19,0,1,1,0,0,0,0,276,,,,,,,,,
12.473,,426.154,23.08475198,c(426.15359993074, 427.168320418672),c(1, 0.35111769630959),12,c(19427.4651715009, 6821.3268161522),53.44181935,31,0,3,0,0,0,1,0,459,,,,,,,,,
12.499,,434.155,23.059906,c(434.154615699924,435.158505, 436.156397706075),c(1,0.361564385, 0.652891787521417),12,c(11019.6280407791,3984.305035, 7194.62464936537),53.11452049,32,0,3,0,0,0,1,0,485,,,,,,
12.561,,458.332,23.06966294,c(458.331882607604,459.3307947,460.3225295, 461.321934614177),c(1,0.246583121,0.27586347, 0.0988778828645502),12,c(44656.813314736,11011.61639,12319.18349, 4415.57115603855),53.2427114,21,0,0,1,0,0,0,1,550,,,
12.83,,575.343,23.09403008,c(575.342598340077, 576.348601824707),c(1, 0.289688219043858),12,c(13578.8435978493, 3933.63101853606),53.56476984,25,0,0,1,1,0,0,1,826,,,,,,,,,
12.943,,624.42,23.0219431,c(624.420363850772,625.4201353,626.407247, 627.420990881664),c(1,0.554879382,0.620112678, 0.244287528736338),12,c(11171.2086111891,6198.673326,6927.408091, 2728.98694462548),52.61988916,49,0,0,0,0,0,1,0,941,,,
12.974,,640.39,23.03564131,c(640.390252003802, 641.388435812901),c(1, 0.318923882077358),12,c(19907.2536666757, 6348.89862087493),52.79760991,28,0,1,1,0,0,0,1,972,,,,,,,,,
12.1019,,660.204,23.00817115,c(660.204327614439, 661.206039460581),c(1, 0.500034658843156),12,c(3972.05830899354, 1986.16682144271),52.44207045,44,0,5,0,0,0,0,0,1017,,,,,,,,,
12.1181,,727.465,23.01477094,c(727.464900955308, 728.465727996256),c(1, 0.526255115342764),12,c(11060.1998319725, 5820.4867382887),52.52717746,46,0,4,1,0,0,0,0,1181,,,,,,,,,
12.1254,,765.485,23.09660909,c(765.484671660248, 766.503915366825),c(1, 0.472758726721617),12,c(6758.08034490174, 3194.94145893813),53.59901672,41,0,3,1,0,0,0,1,1254,,,,,,,,,
12.1371,,829.666,23.12122499,c(829.665701382373, 830.67224355802),c(1, 0.525879834884353),12,c(5738.55658206442, 3017.05581415351),53.92744363,46,0,6,0,0,0,0,0,1371,,,,,,,,,
12.1434,,875.673,23.1244361,c(875.67331316538, 876.675534248953),c(1, 0.552287894237935),12,c(5676.28939246658, 3134.9459156505),53.97049398,48,0,7,0,0,0,0,0,1434,,,,,,,,,
12.1465,,900.534,23.09399845,c(900.534232793873, 901.538387257554),c(1, 0.529992244858913),12,c(6472.3959798568, 3430.31967498011),53.56434999,46,0,6,0,0,0,1,0,1465,,,,,,,,,
12.159,,992.656,23.02959164,c(992.65578093946,993.6519087,994.6507497,995.6525803, 996.664395118509),c(1,0.945506524,0.420998256,0.130661224, 0.0397294244943685),12,c(59685.4311644083,56432.96454,25127.46245,7798.571508, 2371.26783086019),52.71901621,83,1,0,0,0,0,1,0,1590
12.1599,,1007.666,23.07182553,c(1007.66555770652, 1008.66626969039),c(1, 0.476521339821104),12,c(330842.897634817, 157653.700851239),53.27118366,42,0,3,0,0,0,1,0,1599,,,,,,,,,
12.1618,,1018.675,23.12983386,c(1018.67462676471, 1019.67479193077),c(1, 0.792884579736236),12,c(5816.72895804056, 4621.86443217917),54.04296824,70,0,12,0,0,0,0,0,1618,,,,,,,,,
12.1621,,1021.678,23.08304578,c(1021.67836100373,1022.679821,1023.682676,1024.68351, 1025.70048439038),c(1,0.479943426,0.155824795,0.036608378, 0.00397627218042998),12,c(647937.920644666,310973.5455,100964.7934,23719.95633, 2576.37752850503),53.41925258,42,0,3,0,0,0,1,0,1621
12.1646,,1043.655,23.07319127,c(1043.65540539241,1044.6581,1045.659228,1046.66005, 1047.66638256604),c(1,0.596892132,0.241709447,0.075535683, 0.0613491020072131),12,c(40818.690025952,24364.3549,9866.263008,3082.94694, 2504.18997820294),53.28917586,52,0,6,0,0,0,0,0,1646
12.17,,1089.645,23.08815526,c(1089.64519714934,1090.641083, 1091.62016544838),c(1,0.795168459, 0.879643831753851),12,c(3653.96083973877,2905.514409, 3211.72914888557),53.48687237,70,0,11,0,0,0,0,0,1700,,,,,,
12.1728,,1111.643,23.06044588,c(1111.64340441484, 1112.64376112886),c(1, 0.684900886565905),12,c(5030.30805036105, 3442.38052388727),53.12160229,60,0,8,0,0,0,0,0,1728,,,,,,,,,
12.174,,1123.858,23.08392363,c(1123.85836614483, 1124.85501159323),c(1, 0.830481718120435),12,c(854.55749600672, 698.274867215363),53.43086167,73,0,11,0,0,0,0,0,1740,,,,,,,,,
12.1779,,1155.865,23.10073227,c(1155.86528663911, 1156.86867039119),c(1, 0.772351212825922),12,c(3376.54904071045, 2617.71591162714),53.65383263,68,0,9,0,0,0,0,0,1779,,,,,,,,,
12.1781,,1157.632,23.10998062,c(1157.6318747338,1158.640203, 1159.61977431489),c(1,0.783389106, 0.633787317170332),12,c(2299.52768276117,1804.057369, 1460.22855034244),53.77707173,69,0,10,0,0,0,0,0,1781,,,,,,
12.1961,,1347.866,23.06738727,c(1347.86559128187, 1348.87917314433),c(1, 0.874748897187319),12,c(1465.24945223142, 1285.42849239738),53.21277364,77,0,10,0,0,0,0,0,1961,,,,,,,,,
12.1975,,1369.85,23.08754103,c(1369.84956681096, 1370.84621439527),c(1, 0.815931062795032),12,c(2112.50884966722, 1721.06576909264),53.47873715,72,0,8,0,0,0,1,0,1975,,,,,,,,,
16.4,,174.09,17.27444209,c(174.089625136265, 175.094501952111),c(1, 0.0994744508613716),16,c(13535.7586876252, 1340.56796465526),24.62159593,8,0,0,1,0,0,0,0,33,,,,,,,,,
16.115,,230.151,17.29394237,c(230.150759667096, 231.155655574995),c(1, 0.152226596559268),16,c(7990.50601596102, 1203.3816634082),24.63506636,13,0,1,0,0,0,0,0,93,,,,,,,,,
16.532,orientin (non-unique hit),448.1,17.2808302,c(448.100127480436,449.1044593,450.1088935, 451.111032725311),c(1,0.231408143,0.054796869, 0.00933331904104246),16,c(694175.503030809,160634.3131,38039.26935, 6478.87680775119),24.62598979,20,0,2,0,0,0,0,1,518,,,
16.737,,532.04,17.28967208,c(532.04001610015, 533.0646124248),c(1, 0.363026585745765),16,c(3338.00817253837, 1187.84675227863),24.63210179,32,0,5,0,0,0,0,0,732,,,,,,,,,
16.764,,548.016,17.27366176,c(548.016160163152,549.010083, 549.995389371839),c(1,0.367816095, 0.411685400279577),16,c(3780.14626952028,1397.803298, 1558.01490516109),24.62106046,32,0,5,0,0,0,0,0,759,,,,,,
16.1075,,680.266,17.29786922,c(680.26615406745, 681.273650374735),c(1, 0.433447189594472),16,c(5442.072266725, 2358.23581958863),24.63779984,38,0,4,0,0,0,0,1,1075,,,,,,,,,
16.1098,,692.195,17.27051931,c(692.195263368613, 693.195074095754),c(1, 0.352649037964869),16,c(10619.3372460357, 3744.30209231418),24.61890685,31,0,2,0,0,0,0,1,1098,,,,,,,,,
16.1233,,756.208,17.29711804,c(756.207948053994,757.2078762,758.2000736, 759.180118315342),c(1,0.396430602,0.21999403, 0.105960264003289),16,c(16993.000681398,6739.390054,3745.513721, 1809.11661373216),24.63727639,35,1,2,0,0,0,0,0,1233,,,
16.1411,,856.339,17.28492998,c(856.339397173886,857.3427874, 858.343855342248),c(1,0.484587036, 0.154973529910834),16,c(22277.2831025053,10793.72119, 3455.28312267074),24.62881939,42,0,4,0,0,0,0,1,1411,,,,,,
16.1459,,896.203,17.26423383,c(896.202958399152, 897.205908605906),c(1, 0.462573358022712),16,c(8326.13604944728, 3840.2672043079),24.61461248,41,0,3,0,0,0,0,1,1459,,,,,,,,,
16.149,,918.182,17.2850668,c(918.18233078639,919.1846275, 920.185344612976),c(1,0.585862013, 0.58678976064364),16,c(2479.51779358379,1459.905033, 1463.60576037126),24.62891395,51,0,6,0,0,0,0,0,1490,,,,,,
19.11,L-malic acid,134.022,1.601668678,c(134.02176750918, 135.024278709579),c(1, 0.0449523041453919),19,c(135135.648888909, 6074.01938946805),1.843398624,4,0,0,1,0,0,0,0,668,,,,,,,,,
19.64,kinic acid,192.062,1.580477835,c(192.062325545039, 193.067501838071),c(1, 0.0945008559896268),19,c(1099830.62318395, 103934.380893047),1.814512703,8,0,1,0,0,0,0,0,28,,,,,,,,,
19.158,,268.08,1.566410858,c(268.080047539419,269.0839872, 270.082827950205),c(1,0.10683515, 0.0386216036233912),19,c(123403.34460831,13186.13815, 4771.45319306826),1.795356379,9,1,0,0,1,0,0,0,138,,,,,,
19.175,,276.096,1.546863248,c(276.095840546007, 277.085910419197),c(1, 0.239993328623932),19,c(20294.5359079851, 4872.67995046783),1.768760718,21,0,2,0,0,0,1,0,155,,,,,,,,,
19.219,,312.099,1.547169552,c(312.099444060674,313.104235, 314.11594104341),c(1,0.199056171, 0.488929494679402),19,c(16751.861411103,3336.095514, 8196.13390178822),1.769177251,17,0,2,0,0,0,0,0,201,,,,,,
19.263,,334.069,1.582371577,c(334.069062831862,335.0788467, 336.083330355316),c(1,0.271427816, 0.344259382068451),19,c(14915.0899582387,4047.388587, 5135.52162834095),1.817092724,24,0,4,0,0,0,0,0,245,,,,,,
19.265,,338.086,1.548496106,c(338.085509999413, 339.088909186933),c(1, 0.157527676235278),19,c(85120.5909314336, 13408.4833472937),1.770981261,14,0,1,0,0,0,0,1,247,,,,,,,,,
19.297,,350.057,1.575035566,c(350.056980193404,351.0590605, 352.065149784349),c(1,0.191009147, 1.59505902197132),19,c(27273.3505015852,5216.802026, 43501.6866106919),1.8070997,17,0,2,0,0,0,0,0,279,,,,,,
19.402,,392.113,1.587772346,c(392.113155480624, 393.116893193066),c(1, 0.215732404459537),19,c(20721.2828792277, 4472.73338833911),1.824452192,19,0,2,0,0,0,0,1,387,,,,,,,,,
19.449,,416.153,1.587711602,c(416.152854075502, 417.155035106564),c(1, 0.176637310179357),19,c(47974.3596413517, 8473.54315732147),1.824369405,15,0,1,0,0,0,0,1,435,,,,,,,,,
19.543,,452.129,1.597861013,c(452.129068409848,453.131995,454.1253711, 455.125268839155),c(1,0.178812157,0.450462953, 0.0965274224454078),19,c(39825.6791312693,7125.034009,17942.91038, 3843.98327324682),1.838205715,15,0,0,0,0,0,0,1,529,,,
19.609,,479.174,1.57631554,c(479.173920979347, 480.175812434538),c(1, 0.281705209413286),19,c(10813.6020236547, 3044.25405065197),1.808842972,25,0,3,0,1,0,0,1,599,,,,,,,,,
19.62,,484.139,1.583535593,c(484.13860160833,485.1437739,486.1547682, 487.153213629345),c(1,0.327936211,1.09160621, 0.530174470678301),19,c(7447.66949379525,2444.71633,8132.748366, 3955.61323748634),1.818678706,29,0,4,0,0,0,0,0,611,,,
19.631,,490.153,1.545656661,c(490.152685978818,491.1554885, 492.167433349551),c(1,0.216348444, 0.161291516249879),19,c(20026.9652525391,4333.008191, 3229.27427141506),1.767119988,19,0,1,0,0,0,0,1,622,,,,,,
19.687,,514.124,1.564635413,c(514.124015296889,515.1401172,516.1556679, 517.171509902075),c(1,0.304216109,0.539981264, 0.215893268441299),19,c(12599.9213170989,3830.018138,6799.051889, 2721.17131440378),1.792939635,27,0,3,0,0,0,0,0,681,,,
19.757,,540.146,1.567041665,c(540.14558745457,541.1479682, 542.141719399108),c(1,0.217388714, 0.428060503033262),19,c(36979.7485827324,8042.293363, 15830.5689227879),1.796215093,19,0,1,0,0,0,0,1,752,,,,,,
19.774,,554.153,1.58602178,c(554.152677469199,555.158285, 556.159325716809),c(1,0.341003324, 0.51607903448369),19,c(7906.43862269389,2694.672968, 4082.37384593859),1.822066503,30,0,4,0,0,0,0,0,769,,,,,,
19.794,,562.173,1.568316681,c(562.172708178874, 563.171613282673),c(1, 0.287114097568182),19,c(8445.56413232378, 2424.22867949573),1.797950854,25,0,2,0,0,0,0,1,789,,,,,,,,,
19.82,,570.149,1.573916182,c(570.148678765293, 571.150336656778),c(1, 0.242224279425413),19,c(15034.6023426675, 3647.11716684624),1.805575245,21,0,1,0,0,0,0,1,816,,,,,,,,,
19.833,,578.204,1.57384759,c(578.204405162941, 579.206028882037),c(1, 0.398991357177384),19,c(6770.06980268186, 2704.7264922259),1.805481835,35,0,5,0,0,0,0,0,829,,,,,,,,,
19.843,,582.153,1.608658592,c(582.153329332232, 583.164669453237),c(1, 0.349035707216533),19,c(6783.90120633444, 2362.9293008309),1.852934457,30,0,4,0,0,0,0,1,839,,,,,,,,,
19.859,,590.169,1.555624338,c(590.168801326839,591.1701664,592.1827626, 593.184900689578),c(1,0.314100918,0.812491365, 0.231659415830827),19,c(9833.96568654144,3091.194645,7986.664684, 2280.32856562183),1.780677269,27,0,3,0,0,0,0,1,855,,,
19.881,,600.199,1.549148829,c(600.19875113908, 601.199917770662),c(1, 0.300555895298587),19,c(22354.936974418, 6719.88130141157),1.771868961,26,0,2,0,0,0,0,1,878,,,,,,,,,
19.883,,602.144,1.576142793,c(602.143538856626, 603.148308094091),c(1, 0.243020719859286),19,c(16671.4262316448, 4049.75640119892),1.808607692,21,0,1,0,0,0,0,1,880,,,,,,,,,
19.89,,604.181,1.570684619,c(604.180763669987,605.1812371,606.1917975, 608.21175799619),c(1,0.488672868,1.01123353, 1.17634836170258),19,c(8274.86560432981,4041.667196,8365.049981, 9727.35427954613),1.8011748,43,0,6,0,0,0,1,0,887,,,
19.917,,614.181,1.597248304,c(614.181405529532,615.18297, 616.170583155021),c(1,0.328259607, 0.833579741596487),19,c(9262.25724376601,3048.460855, 7722.34318716183),1.837370205,29,0,3,0,0,0,0,1,915,,,,,,
19.98,,644.178,1.588070347,c(644.177570748433,645.181263, 646.183259811889),c(1,0.282541098, 0.171754828901812),19,c(22342.5271956092,6315.717801, 3841.1717151134),1.824858333,25,0,2,0,0,0,0,1,978,,,,,,
19.1,,652.208,1.555102311,c(652.207604998348, 653.208090939184),c(1, 0.263559596366615),19,c(7095.95106805831, 1872.00875726237),1.77996707,23,0,1,0,0,0,0,1,998,,,,,,,,,
19.1018,,660.188,1.590495791,c(660.187667974846, 661.208206329017),c(1, 0.372778257332348),19,c(4947.74523692381, 1848.95675197289),1.828164195,33,0,4,0,0,0,0,1,1016,,,,,,,,,
19.1031,,664.204,1.563322782,c(664.204345850537, 665.214338698197),c(1, 0.361931699195608),19,c(6013.43214505708, 2182.11175177491),1.791153023,32,0,3,0,0,0,0,1,1029,,,,,,,,,
19.104,stachyose,666.219,1.554953301,c(666.21866875007, 667.221429412698),c(1, 0.264921933469662),19,c(14914.2383968523, 3956.70803713062),1.779764351,23,0,1,0,0,0,0,1,1038,,,,,,,,,
19.1062,,676.178,1.57285316,c(676.177510343605, 677.198186096739),c(1, 0.49245745594319),19,c(4523.82430358555, 2229.9022547081),1.804127634,43,0,6,0,0,0,0,0,1061,,,,,,,,,
19.108,,682.229,1.583554431,c(682.229393673643, 683.243585179782),c(1, 0.326284926815044),19,c(7898.66697580741, 2580.53746793657),1.818704374,28,0,2,0,0,0,0,1,1080,,,,,,,,,
19.1104,,694.211,1.56225599,c(694.211139380095, 695.221043425311),c(1, 0.406611082538155),19,c(5307.47925017079, 2159.75965791839),1.789701114,36,0,4,0,0,0,0,1,1104,,,,,,,,,
19.1109,,696.231,1.549468469,c(696.231079853946, 697.232191403651),c(1, 0.286085500844965),19,c(19229.3738692574, 5501.83972613415),1.77230368,25,0,1,0,0,0,0,1,1109,,,,,,,,,
19.1127,,702.197,1.581901703,c(702.197190292321,703.200067, 704.195827900414),c(1,0.29310956, 0.450712824596537),19,c(21932.251294568,6431.554748, 9885.91375469944),1.816452546,26,0,1,0,0,0,0,1,1127,,,,,,
19.1159,,716.206,1.600265146,c(716.205614579522,717.2140973, 718.207807801663),c(1,0.352127388, 0.570136412561928),19,c(4635.53665892691,1642.400058, 2641.90613626493),1.841484349,31,0,3,0,0,0,0,1,1159,,,,,,
19.1172,,722.215,1.555270285,c(722.215465571824,723.2259038,724.2240855, 725.220333711667),c(1,0.541020142,0.950396156, 0.492856309453502),19,c(4650.17845565935,2520.661954,4419.543903, 2295.34143363105),1.78019559,47,0,7,0,0,0,0,0,1172,,,
19.1197,,738.232,1.576051736,c(738.231878282969,739.2336909, 740.256935809394),c(1,0.381987393, 0.42684837281383),19,c(6203.38406255245,2368.537977, 2646.7001306503),1.808483672,33,0,3,0,0,0,0,1,1197,,,,,,
19.1248,,764.195,1.583860529,c(764.195152589074, 765.199694143774),c(1, 0.298139681174655),19,c(9374.96793109804, 2795.75548457823),1.819121452,26,0,1,0,0,0,0,1,1248,,,,,,,,,
19.1322,,806.225,1.579283289,c(806.224543122551,807.234448, 808.242003930024),c(1,0.411830634, 0.384175329041601),19,c(6378.71461549618,2623.426146, 2451.68570257401),1.812885402,36,0,3,0,0,0,0,1,1322,,,,,,
19.1333,,812.245,1.55541101,c(812.244851918766,813.2496789, 814.256709434189),c(1,0.47767781, 0.707963987001388),19,c(3421.06791132719,1633.490346, 2421.99287830571),1.780387041,42,0,5,0,0,0,0,1,1333,,,,,,
19.1359,,826.259,1.549298545,c(826.258937601378, 827.260762541556),c(1, 0.538470302175078),19,c(2959.78515742411, 1589.96618292923),1.772072578,47,0,6,0,0,0,0,0,1359,,,,,,,,,
19.1367,,828.272,1.561697492,c(828.272063060272,829.2755717, 830.272753207589),c(1,0.342429135, 0.180468220790984),19,c(10231.5087044913,3506.347083, 1851.47409032134),1.788941029,30,1,1,0,1,0,0,0,1367,,,,,,
19.1382,,838.224,1.58963456,c(838.223628280262,839.2496891, 840.24578642228),c(1,0.591080537, 0.873430742048487),19,c(2456.80874076721,1451.861099, 2145.95802531162),1.826990292,52,0,7,0,0,0,0,0,1382,,,,,,
19.1389,,842.279,1.564283087,c(842.27928435745,843.2904494, 844.284945290924),c(1,0.437178824, 1.19483087937309),19,c(3385.82863905682,1480.212583, 4048.32742416688),1.792460074,38,0,3,0,0,0,0,1,1389,,,,,,
19.1403,,852.25,1.544562442,c(852.249930395624, 853.255935727658),c(1, 0.408894459484292),19,c(4132.27072667031, 1693.32132556549),1.765632146,36,0,3,0,0,0,0,1,1403,,,,,,,,,
19.1413,,858.285,1.547478171,c(858.284966005726, 859.287254227953),c(1, 0.369236631584453),19,c(10415.0537994321, 3847.89574596462),1.769596938,32,0,1,0,0,0,0,1,1413,,,,,,,,,
19.1424,,864.252,1.589907966,c(864.25188674541,865.2535937,866.2511438, 867.253178863014),c(1,0.344932966,0.452028277, 0.158564816942585),19,c(16553.5395417815,5712.658565,7484.197312, 2625.84535149893),1.827362952,30,0,1,0,0,0,0,1,1424,,,
19.146,,898.329,1.555426833,c(898.329411263505,899.3293859, 900.316599885735),c(1,0.461298668, 0.390968990523871),19,c(6290.78774702596,2898.900954, 2454.8557695324),1.780408568,40,0,3,0,0,0,0,1,1460,,,,,,
19.1503,,926.247,1.582716807,c(926.247326757899, 927.245545673745),c(1, 0.374787350866798),19,c(6445.3034966669, 2419.24893381911),1.817563093,33,0,1,0,0,0,0,1,1503,,,,,,,,,
19.1518,,940.34,1.585674143,c(940.339557297827,941.3409374, 942.337266782898),c(1,0.450141229, 0.204200291522755),19,c(9214.44860732077,4149.378835, 1882.41485213597),1.821592768,39,1,2,0,1,0,0,0,1518,,,,,,
19.1553,,966.274,1.584105922,c(966.273510678997,967.2753071,968.2852353,969.2909204, 970.282980953519),c(1,0.526762515,1.112448933,0.50454851, 0.407594817616965),19,c(3550.15837781278,1870.019299,3952.048988,1795.520738, 1447.36399708637),1.819455822,46,0,4,0,0,0,0,1,1553
19.1585,,990.33,1.571394219,c(990.330437792465, 991.331360078864),c(1, 0.417370108232044),19,c(7535.94766846586, 3147.03717220181),1.802141002,37,0,2,0,0,0,0,1,1585,,,,,,,,,
19.1619,,1020.339,1.552484453,c(1020.33905827901, 1021.3415462842),c(1, 0.424799304660348),19,c(5477.61384922524, 2325.63822995188),1.776405865,37,0,1,0,0,0,0,1,1619,,,,,,,,,
19.1626,,1026.307,1.597020644,c(1026.30695699194,1027.311538,1028.30756, 1029.31098548087),c(1,0.416633995,0.51624728, 0.209438561648863),19,c(10619.443595882,4425.245244,5484.502207, 2226.7132113514),1.837059769,36,0,1,0,0,0,0,1,1626,,,
19.1698,,1088.302,1.58459455,c(1088.30206459009,1089.305797, 1090.28820774683),c(1,0.587563628, 0.310093053451435),19,c(4073.59604582364,2396.510366, 1266.12572669882),1.820121634,52,1,4,0,0,0,0,0,1698,,,,,,
19.1774,,1152.379,1.568244275,c(1152.37930987253, 1153.38511657331),c(1, 0.493423342810735),19,c(4429.63752313119, 2180.85791100946),1.797852281,43,0,2,0,0,0,0,1,1774,,,,,,,,,
19.1811,,1188.363,1.594099994,c(1188.36279606457,1189.370499, 1190.35865480895),c(1,0.521682876, 0.553573603767811),19,c(4736.07338111008,2467.693318, 2620.71668516765),1.833077531,46,0,2,0,0,0,0,1,1811,,,,,,
23.239,,324.142,10.02300453,c(324.142163981549, 325.145094150803),c(1, 0.150439417535077),23,c(51867.2798446299, 7808.06902811775),18.05383157,13,0,0,1,0,0,0,1,221,,,,,,,,,
23.268,,338.103,10.02329557,c(338.103011845005, 339.106179925817),c(1, 0.179333705513804),23,c(60988.1581013605, 10947.9586381135),18.0543787,15,0,1,0,0,0,0,1,250,,,,,,,,,
23.343,,368.13,10.02363214,c(368.130373524222, 369.135170857582),c(1, 0.170495331668947),23,c(64119.1253537203, 10942.1766514232),18.0550114,15,0,1,0,0,0,0,1,328,,,,,,,,,
23.358,,376.137,10.02009053,c(376.136992375479,377.1407383, 378.14282993556),c(1,0.18819591, 0.0752941579734773),23,c(68880.1827635833,12964.95623, 5200.18219745777),18.04835228,16,0,1,0,0,0,0,1,343,,,,,,
30.252,,328.225,21.50134995,c(328.224853169847, 329.229670543458),c(1, 0.200393233156134),30,c(1002295.77213915, 200853.290357688),37.56753433,17,0,1,1,0,0,0,1,234,,,,,,,,,
30.293,,346.236,21.5127905,c(346.236258481464, 347.241886595468),c(1, 0.17179121380488),30,c(82971.4300237704, 14071.3700351848),37.65056679,15,0,0,1,0,0,0,1,275,,,,,,,,,
30.353,,372.252,21.50289319,c(372.251771418669, 373.254002938432),c(1, 0.28794631195077),30,c(145028.566210404, 41760.4407677937),37.57871169,25,0,2,0,0,0,1,0,338,,,,,,,,,
30.596,,474.155,21.50366046,c(474.155036709862, 475.157266726646),c(1, 0.283397416770101),30,c(122095.031130386, 34601.4164228165),37.58427154,25,0,2,0,0,0,0,0,586,,,,,,,,,
30.708,,520.328,21.49400314,c(520.328281847716, 521.343374100064),c(1, 0.198529248076681),30,c(49355.0862623831, 9772.85710794776),37.51442168,17,0,0,1,1,0,0,1,703,,,,,,,,,
30.95,,628.346,21.50703357,c(628.346087635714, 629.341966123188),c(1, 0.450788723889665),30,c(9498.25648958512, 4281.70692211681),37.60873508,39,0,4,0,0,0,0,0,948,,,,,,,,,
30.962,,634.376,21.52961181,c(634.375917087483, 635.379664832318),c(1, 0.393714923984367),30,c(19027.2164952177, 7491.29909604872),37.77337178,34,0,3,0,0,0,0,1,960,,,,,,,,,
30.971,,638.305,21.50635464,c(638.304901559379, 639.299937628757),c(1, 0.353714287404126),30,c(21221.5448205605, 7506.3636038193),37.60380836,31,0,2,0,0,0,0,1,969,,,,,,,,,
30.114,,708.358,21.49366451,c(708.357959781993, 709.361725723395),c(1, 0.390768573963639),30,c(30349.6538544597, 11857.9205349542),37.51197753,34,0,2,0,0,0,0,1,1140,,,,,,,,,
30.1331,,810.431,21.50644758,c(810.431272413332, 811.43334278029),c(1, 0.455148772047917),30,c(32288.7957732603, 14696.2057471054),37.6044827,40,0,3,0,0,0,0,1,1331,,,,,,,,,
30.1384,,840.44,21.51176862,c(840.439726062179, 841.447976605931),c(1, 0.478004877836622),30,c(15916.4806902838, 7596.16886391524),37.6431341,42,0,3,0,0,0,0,1,1384,,,,,,,,,
30.1414,,858.459,21.51077984,c(858.458658483046, 859.461668950073),c(1, 0.498266658782706),30,c(9915.83460820586, 4940.72977927266),37.63594526,44,0,3,0,0,0,0,1,1414,,,,,,,,,
30.1637,,1036.576,21.51894062,c(1036.57575063455, 1037.54510369285),c(1, 0.740583624075904),30,c(4059.3285971933, 3003.17198287727),37.69536644,65,0,11,0,0,0,0,0,1637,,,,,,,,,
30.1675,,1066.519,21.49997655,c(1066.51881691065, 1067.52900044753),c(1, 0.875358157512542),30,c(2209.45152569761, 1936.50107240213),37.55759322,77,0,15,0,0,0,0,0,1675,,,,,,,,,
30.1681,,1072.527,21.51485339,c(1072.52663068502, 1073.54413624091),c(1, 0.76234718976721),30,c(7720.61989512553, 5883.47180078364),37.66558082,67,0,11,0,0,0,1,0,1681,,,,,,,,,
30.1682,,1074.556,21.51143045,c(1074.5561917791, 1075.55853275626),c(1, 0.570282643818257),30,c(22388.9052612825, 12773.7442731098),37.64067517,50,0,6,0,0,0,1,0,1682,,,,,,,,,
30.1783,,1158.464,21.50867313,c(1158.46386370813,1159.466531, 1160.47182513904),c(1,0.704965255, 0.553757072443137),30,c(4394.00303420634,3102.271237, 2436.76919707598),37.62063842,62,0,6,0,0,0,0,1,1783,,,,,,
30.191,,1278.632,21.4935703,c(1278.63173485635, 1279.63679497709),c(1, 0.693566175027618),30,c(3298.12387548378, 2285.76281626179),37.51129764,61,0,7,0,0,0,1,0,1910,,,,,,,,,
30.2095,,1588.831,21.50285573,c(1588.83122407522, 1589.83945511472),c(1, 1.2125622456013),30,c(907.757052572672, 1119.08166188606),37.57844026,107,0,16,0,0,0,1,0,2095,,,,,,,,,
32.163,,270.075,14.04873575,c(270.07522768003, 271.077806703664),c(1, 0.144755278989287),32,c(47952.8343962854, 6934.28875552933),23.12756406,12,0,1,0,0,0,0,1,143,,,,,,,,,
32.43,,404.159,14.07975953,c(404.15903860622, 405.138240530227),c(1, 0.218695259962528),32,c(30797.0235876221, 6740.63814423877),23.14667008,19,0,1,0,0,0,0,1,416,,,,,,,,,
32.595,,474.082,14.04349645,c(474.081780072336, 475.08810428929),c(1, 0.27769591841753),32,c(10376.5886639932, 2883.40157431583),23.12431242,24,0,3,0,0,0,0,0,585,,,,,,,,,
32.727,,528.058,14.05426007,c(528.058262869423, 529.060851747444),c(1, 0.398841269960882),32,c(4113.72280330718, 1647.5543115615),23.13098474,35,0,6,0,0,0,0,0,722,,,,,,,,,
32.969,,638.113,14.04827871,c(638.11300981234,639.1160911, 640.119494001386),c(1,0.298551306, 0.0921232539340432),32,c(131619.852124918,39295.2239, 12127.1746045715),23.1272807,26,0,2,0,0,0,0,1,967,,,,,,
32.1014,,660.095,14.05353481,c(660.094932842695,661.097664, 662.103661481092),c(1,0.338423666, 0.143167882620989),32,c(15126.2527879664,5124.706948, 2169.59552440887),23.13053611,30,0,3,0,0,0,0,1,1012,,,,,,
32.106,,676.069,14.06331579,c(676.069064857034,677.0711639, 678.074155046872),c(1,0.407585346, 0.349930883800237),32,c(4500.89549260988,1831.54988, 1574.39555567164),23.13657467,36,0,4,0,0,0,0,0,1059,,,,,,
32.1171,,722.064,14.05929753,c(722.063749322885, 723.070251282737),c(1, 0.492436555691991),32,c(2113.50599894855, 1041.45269440737),23.13409693,43,0,6,0,0,0,0,0,1171,,,,,,,,,
37.85,,206.167,22.44512575,c(206.166606926075, 207.170482191288),c(1, 0.160522600841242),37,c(7912.17422818214, 1266.85569399562),45.8744772,14,0,0,0,0,0,1,0,56,,,,,,,,,
37.169,,272.236,22.46141679,c(272.236432967365,273.2397276, 274.24774688588),c(1,0.17966528, 0.0275181052248574),37,c(96890.1641905927,17407.79844, 2666.23373345044),46.046136,16,0,0,1,0,0,0,0,149,,,,,,
37.19,,286.217,22.4047743,c(286.216665267628, 287.218251920901),c(1, 0.19524299787484),37,c(34421.1220204121, 6720.48305348091),45.45376527,17,0,1,1,0,0,0,0,170,,,,,,,,,
37.272,,338.197,22.44929102,c(338.196582506749, 339.209266420992),c(1, 0.144183610551083),37,c(619232.621295885, 89283.1951094518),45.91826744,12,0,0,1,0,0,0,1,254,,,,,,,,,
37.375,,382.281,22.4868545,c(382.281175452561,383.3033609, 384.305504199335),c(1,0.036241226, 0.0171203194052701),37,c(241456.716681652,8750.687329, 4133.8161121377),46.31626511,3,0,0,1,1,0,0,1,360,,,,,,
37.41,,398.234,22.40902729,c(398.234266376535,399.2383586, 400.235298768772),c(1,0.23903129, 0.0981639797956136),37,c(452482.51446235,108157.4792, 44417.4844075506),45.49780881,21,1,1,1,0,0,0,0,395,,,,,,
37.626,,486.309,22.39458376,c(486.309412074518, 487.313559612252),c(1, 0.316978412826424),37,c(241796.656126027, 76644.3202855646),45.34851856,28,0,2,1,0,0,0,1,617,,,,,,,,,
37.785,,558.45,22.44317304,c(558.450013373962,559.4513061, 560.451744762539),c(1,0.420076838, 0.258805652172073),37,c(7371.61356206387,3096.644116, 1907.81525549044),45.85397136,37,0,3,0,0,0,1,0,780,,,,,,
37.792,,560.325,22.49906121,c(560.324662351459,561.3300276,562.3391709, 563.335612282523),c(1,0.350743094,0.330711044, 0.214579570284264),37,c(14580.3212710738,5113.947001,4821.873268, 3128.63907295353),46.44680094,31,0,2,1,0,0,0,1,787,,,
37.819,,568.432,22.50175539,c(568.431509884573, 569.429726434538),c(1, 0.42165101879625),37,c(8724.58443655472, 3678.72991624721),46.47569161,37,0,3,0,0,0,1,0,815,,,,,,,,,
37.826,,572.298,22.42631814,c(572.298212016722, 573.30397303864),c(1, 0.328830918823503),37,c(31999.3512459513, 10522.3760719622),45.67759516,29,0,2,1,0,0,0,1,822,,,,,,,,,
37.899,,606.43,22.40905844,c(606.430078318039, 607.435675462075),c(1, 1.02225775717189),37,c(8253.44826345797, 8428.6146003166),45.49813157,90,0,22,0,0,0,0,0,896,,,,,,,,,
37.93,,620.396,22.41515774,c(620.395683536194,621.3903336, 622.422733494007),c(1,0.377433686, 0.66601790492444),37,c(12372.0837670532,4669.641184, 8240.02931008243),45.56141864,33,0,2,1,0,0,0,1,928,,,,,,
37.961,,634.388,22.46223778,c(634.387788594637,635.3942533, 636.40008543212),c(1,0.393644512, 0.148212023115276),37,c(87157.0576291464,34308.89743, 12917.7238399904),46.05481443,34,0,2,1,0,0,0,1,959,,,,,,
37.1065,,676.368,22.457323,c(676.36788042216, 677.370582179433),c(1, 0.308486666091518),37,c(41678.7991900311, 12857.3538088305),46.00290156,27,0,0,1,0,0,0,1,1064,,,,,,,,,
37.1087,,684.418,22.43121949,c(684.418395722695,685.4441205, 686.389304361644),c(1,0.454304551, 1.41085563859341),37,c(11876.5907405079,5395.589222, 16756.1550135118),45.72877028,40,0,3,0,0,0,0,1,1087,,,,,,
37.1175,,722.38,22.4337599,c(722.380295471877,723.3801927, 724.38638042061),c(1,0.411764051, 0.331995489757264),37,c(19630.7938321917,8083.255184, 6517.33501264234),45.75533163,36,0,2,1,0,0,0,1,1175,,,,,,
37.1186,,728.482,22.41532851,c(728.482470602894,729.4834507, 730.50635167853),c(1,0.561316911, 0.315373565143324),37,c(8086.34395775716,4539.001611, 2550.21912293306),45.56319268,49,0,5,0,0,0,1,0,1186,,,,,,
37.1219,,746.415,22.40702123,c(746.415047157026, 747.413009860104),c(1, 0.474996932020179),37,c(8247.81316053356, 3917.68594712909),45.47702545,42,0,4,0,0,0,0,1,1219,,,,,,,,,
37.127,,772.44,22.4352971,c(772.439839454578, 773.444766834991),c(1, 0.416135344598107),37,c(33571.1695537008, 13970.1502107908),45.77141613,36,0,2,1,0,0,0,1,1270,,,,,,,,,
37.132,,804.525,22.47588835,c(804.525414417132,805.5267786, 806.521468752066),c(1,0.501449399, 0.460608244114436),37,c(12322.6999941636,6179.210504, 5675.93720706069),46.1994994,44,0,7,0,0,0,0,0,1320,,,,,,
37.1385,,840.516,22.47268893,c(840.516176272816, 841.517081407417),c(1, 0.456071624026137),37,c(5153.85850389653, 2350.52861787301),46.16552215,40,0,5,0,0,0,1,0,1385,,,,,,,,,
37.1439,,880.596,22.43409114,c(880.595555640624,881.6140165, 882.591683605772),c(1,0.404030281, 0.970110050838876),37,c(4603.39926671604,1859.912697, 4465.80389666554),45.75879679,35,0,3,0,0,0,1,0,1439,,,,,,
37.1487,,916.478,22.43025312,c(916.478200303592, 917.478416059568),c(1, 0.551597904062113),37,c(4366.84507733396, 2404.46688036471),45.71867293,48,0,4,0,0,0,0,1,1487,,,,,,,,,
37.1506,,928.563,22.41388674,c(928.562848406012, 929.564195769074),c(1, 0.598116014247226),37,c(5494.9914324584, 3281.21400165615),45.54821868,52,0,8,0,0,0,0,0,1506,,,,,,,,,
37.1549,,962.482,22.4228099,c(962.481850559688, 963.4807730535),c(1, 0.69914070073475),37,c(3357.31457072605, 2347.2352615644),45.64102311,61,0,7,0,0,0,0,0,1549,,,,,,,,,
37.1555,,966.594,22.48426125,c(966.593764587356, 967.58388270258),c(1, 0.587176504180181),37,c(4499.07611479572, 2638.47450838773),46.2886097,52,0,7,0,0,0,1,0,1555,,,,,,,,,
37.1561,,970.563,22.46070581,c(970.563464680546,971.5579411,972.5792436, 973.541957493481),c(1,0.704314482,1.362360407, 1.07597263639755),37,c(3057.52419597992,2153.458571,4165.449907, 3288.25929075986),46.03862261,62,0,10,0,0,0,0,0,1561,,,
37.1573,,982.666,22.39011955,c(982.666406616959, 983.672993165221),c(1, 0.618029981140571),37,c(6346.40295480915, 3919.0210999148),45.30253938,54,0,7,0,0,0,1,0,1573,,,,,,,,,
37.1595,,1002.56,22.42651813,c(1002.56034143109,1003.570063, 1004.57366604329),c(1,0.606899381, 0.633175993456391),37,c(6109.86412672512,3708.072756, 3868.61928832274),45.67968136,53,0,7,0,0,0,1,0,1595,,,,,,
37.1603,,1009.662,22.39812938,c(1009.66240827359,1010.661768, 1011.66409569452),c(1,0.587742546, 0.351609049306274),37,c(9469.23095276874,5570.30674, 3329.46729296456),45.38509166,52,0,6,0,0,0,0,0,1603,,,,,,
37.1616,,1016.578,22.40627146,c(1016.57823180702, 1017.5855378087),c(1, 0.667203258245738),37,c(4014.7207597915, 2678.63477187969),45.46926167,59,0,9,0,0,0,1,0,1616,,,,,,,,,
37.1624,,1022.546,22.46596481,c(1022.54643781818, 1023.54690412922),c(1, 0.628293500910754),37,c(3934.9025185012, 2472.27367909167),46.09424494,55,0,8,0,0,0,1,0,1624,,,,,,,,,
37.1644,,1040.666,22.38864089,c(1040.66629402813,1041.668705,1042.668703, 1043.67152918878),c(1,0.641665629,0.294171216, 0.10156460676313),37,c(61403.5638497916,39404.69337,18071.28247, 6241.78321597679),45.28732687,56,1,7,0,0,0,1,0,1644,,,
37.1651,,1048.516,22.44480141,c(1048.51568833077,1049.522938, 1050.53080238694),c(1,0.603499974, 0.921261792558559),37,c(2466.64070755255,1490.046146, 2279.44385209395),45.87107019,53,0,7,0,0,0,1,0,1651,,,,,,
37.1691,,1081.742,22.46711475,c(1081.74166668155,1082.743207,1083.74302, 1084.74927982637),c(1,0.659556763,0.268639956, 0.0912239403258057),37,c(36977.516407789,24389.25251,9933.638381, 3376.06529296085),46.10642196,58,1,7,0,0,0,1,0,1691,,,
37.1704,,1094.518,22.46835461,c(1094.51786158134,1095.525563,1096.534713, 1097.53702118733),c(1,0.636151385,0.923588197, 0.54199835953078),37,c(3295.44405393262,2096.4013,3043.633231, 1781.47932795724),46.11955695,56,0,7,0,0,0,1,0,1704,,,
37.1739,,1122.766,22.45918582,c(1122.76639551003, 1123.77634859121),c(1, 1.06858035729679),37,c(4211.60463506633, 4498.78137791791),46.02256655,94,0,0,0,0,0,1,0,1739,,,,,,,,,
37.1847,,1228.663,22.43533802,c(1228.6632707614,1229.660444, 1230.66608101549),c(1,0.817084038, 0.944987007882438),37,c(1486.02767521491,1194.044659, 1397.67185291315),45.77184452,72,0,10,0,0,0,1,0,1847,,,,,,
37.1854,,1236.763,22.45087384,c(1236.7631062694,1237.773036,1238.779982,1239.781577, 1240.79125432919),c(1,0.636918101,1.022453957,0.790807079, 0.591096786569558),37,c(2147.33762425746,1365.852246,2181.215825,1701.450917, 1275.58619179829),45.93492577,56,0,5,0,0,0,1,0,1854
37.188,,1254.806,22.50476697,c(1254.80595589757, 1255.81165837899),c(1, 0.388221750173589),37,c(2951.64084649353, 1127.80458825367),46.50802008,34,0,0,0,0,0,1,1,1880,,,,,,,,,
37.1886,,1258.738,22.49315717,c(1258.73763626045, 1259.74955292236),c(1, 0.801765867301493),37,c(1209.32756089728, 976.147307099871),46.38359062,71,0,9,0,0,0,1,0,1886,,,,,,,,,
37.1904,,1270.808,22.42165323,c(1270.8078429045, 1271.82445240832),c(1, 0.482658432452717),37,c(1838.37126117797, 879.088512446778),45.62897575,42,0,1,0,0,0,1,0,1904,,,,,,,,,
37.1966,,1353.816,22.48285724,c(1353.81627077246,1354.806322, 1355.81832923971),c(1,0.839028152, 0.540496478376578),37,c(1619.77025468604,1363.352771, 871.492107513509),46.27364788,74,0,9,0,0,0,1,0,1966,,,,,,
37.1979,,1374.726,22.47733343,c(1374.72588699578, 1375.74090595709),c(1, 0.885134182035264),37,c(1234.23914963628, 1091.1488505623),46.21485919,78,0,10,0,0,0,1,0,1979,,,,,,,,,
37.1997,,1408.929,22.48653527,c(1408.92860000351,1409.890965, 1410.87051277256),c(1,0.591234572, 0.31630238775764),37,c(2474.71540295629,1455.181836, 784.07577793193),46.31285935,52,1,2,0,0,0,1,0,1997,,,,,,
37.1998,,1408.953,22.48630928,c(1408.95285762739, 1409.95457713904),c(1, 0.375067920823632),37,c(2000.11910265568, 688.422881461645),46.31044849,33,0,0,0,1,0,1,1,1998,,,,,,,,,
37.2015,,1435.955,22.48308176,c(1435.95454840613, 1436.97318350627),c(1, 0.718708953339445),37,c(840.901549164975, 566.263759764515),46.27603995,63,0,5,0,0,0,0,0,2015,,,,,,,,,
49.55,,184.111,20.2483548,c(184.110785212647, 185.112704984661),c(1, 0.123643465112545),49,c(30021.103400948, 3709.61231682757),30.59015269,11,0,1,0,0,0,0,0,17,,,,,,,,,
49.72,,196.147,20.25328067,c(196.14713207495, 197.150247044075),c(1, 0.132387308407767),49,c(141852.40223114, 18786.0594839586),30.61039755,11,0,0,0,0,0,0,0,39,,,,,,,,,
49.124,,240.136,20.25290397,c(240.135961344567, 241.140624388171),c(1, 0.151607090134972),49,c(773497.24113012, 117268.157535873),30.60884762,13,0,1,0,0,0,0,0,102,,,,,,,,,
49.215,,308.12,20.24921678,c(308.11993277234, 309.120335027721),c(1, 0.265803589219654),49,c(14958.0444571711, 3963.43343348393),30.59369179,23,0,2,0,0,0,1,0,197,,,,,,,,,
49.288,,344.118,20.24659726,c(344.11826357332, 345.120884698584),c(1, 0.222687962873209),49,c(53529.6037078036, 11916.7295864862),30.58294124,19,0,2,0,0,0,0,0,270,,,,,,,,,
49.405,,392.169,20.25373168,c(392.168626114044,393.1734567,394.1841193, 395.185022643136),c(1,0.227505695,0.672767625, 0.46486338812901),49,c(48606.3891910537,11062.47734,32707.88328, 22596.8660298755),30.61225359,20,0,2,0,0,0,0,1,390,,,
49.416,,400.174,20.25307804,c(400.173739371404, 401.180684473372),c(1, 0.388162999243305),49,c(35141.2822468131, 13640.5455141785),30.60956379,34,0,22,1,1,0,0,1,402,,,,,,,,,
49.528,,446.085,20.23397136,c(446.085395203968, 447.100336028853),c(1, 0.294080104611784),49,c(47750.1420362826, 14042.3667652575),30.53131851,26,0,3,0,0,0,0,0,514,,,,,,,,,
49.662,,502.249,20.26038117,c(502.248968549756,503.2469587,504.2363305, 505.234105728473),c(1,0.405633471,0.805361993, 0.315009876412884),49,c(18864.1669655386,7653.463229,15196.07027, 5943.82631181719),30.63966643,35,0,4,0,0,0,1,0,653,,,
49.706,,520.153,20.23823393,c(520.152952506073, 521.167586430414),c(1, 0.313085811324175),49,c(17957.6168497158, 5613.5828204756),30.5487107,27,0,3,0,0,0,0,1,701,,,,,,,,,
49.97,,638.185,20.27864649,c(638.184861506708, 639.201857249567),c(1, 0.288410731427477),49,c(23999.5771134442, 6918.88025480241),30.71542872,25,0,1,0,0,0,0,1,968,,,,,,,,,
49.1107,,694.273,20.23421242,c(694.272677534859, 695.250814336608),c(1, 0.398071097327992),49,c(19230.5807057194, 7656.60453789364),30.5323011,35,0,3,0,0,0,0,1,1107,,,,,,,,,
49.1154,,714.191,20.28047936,c(714.190890195251, 715.186305952898),c(1, 0.551079099190957),49,c(10534.4316429237, 5810.14063384849),30.72306883,48,0,7,0,0,0,0,0,1154,,,,,,,,,
49.1182,,728.198,20.24689452,c(728.197560430739,729.2009755, 730.209887127064),c(1,0.410477241, 0.214351564738557),49,c(52364.5632609651,21495.97728, 11224.1575813237),30.58416049,36,0,3,0,0,0,0,1,1182,,,,,,
49.1203,,740.209,20.22363948,c(740.208508010964, 741.213211477256),c(1, 0.375732783537064),49,c(54002.1569324278, 20288.8587283019),30.48931387,33,0,2,0,0,0,0,1,1203,,,,,,,,,
49.1314,,802.197,20.23141189,c(802.197393536782, 803.198564603609),c(1, 0.422534867081361),49,c(29511.5274849593, 12472.5064036786),30.52089291,37,0,3,0,0,0,0,1,1314,,,,,,,,,
49.1365,,828.19,20.27457213,c(828.190184039918, 829.195546798614),c(1, 0.518273887386417),49,c(13363.7335228035, 6923.19438850508),30.69846987,45,0,5,0,0,0,0,0,1365,,,,,,,,,
49.1412,,858.19,20.26780016,c(858.190480456096,859.1944517,860.2040178, 861.198107876216),c(1,0.474105216,0.272327068, 0.117211948263381),49,c(30120.7845329323,14276.97702,8202.704937, 3532.51788684529),30.67035754,42,0,4,0,0,0,0,1,1412,,,
49.1454,,892.18,20.25340597,c(892.180096934418, 893.182121648356),c(1, 0.57729343613003),49,c(5369.57067078138, 3099.72916281428),30.61091314,51,0,6,0,0,0,0,0,1454,,,,,,,,,
52.345,,368.206,22.22516644,c(368.206070000125, 369.211856320021),c(1, 0.224827384872281),52,c(35897.0659323632, 8070.64345816108),43.65684966,19,0,1,1,0,0,0,1,330,,,,,,,,,
52.629,,488.349,22.23682779,c(488.349192151869,489.3533507, 490.350844395759),c(1,0.325190081, 0.116558006511296),52,c(497126.966570421,161660.7584, 57944.1282064562),43.76983288,28,1,1,1,0,0,0,0,620,,,,,,
52.68,,508.341,22.24090485,c(508.341363474058, 509.344296181733),c(1, 0.316177740785204),52,c(21742.6745140606, 6874.54970648373),43.80945317,28,0,2,1,0,0,0,1,674,,,,,,,,,
52.773,,552.307,22.22641813,c(552.306780640571, 553.302125758062),c(1, 0.410406672417343),52,c(10233.7908535788, 4200.0160504323),43.66895275,36,0,4,0,0,0,0,0,768,,,,,,,,,
52.781,,556.337,22.23457082,c(556.336643238385, 557.3406104291),c(1, 0.340262246874133),52,c(31938.8044606133, 10867.5693682419),43.74792647,30,0,2,1,0,0,0,1,776,,,,,,,,,
52.942,,624.365,22.23180832,c(624.365324618317, 625.373502805261),c(1, 0.355236100188862),52,c(19042.6564949507, 6764.63903050237),43.72113902,31,0,2,1,0,0,0,1,940,,,,,,,,,
52.949,,628.356,22.25398782,c(628.356171519882, 629.364689493424),c(1, 0.357712928214073),52,c(17438.6436779768, 6238.02829413091),43.93700919,31,0,2,1,0,0,0,1,947,,,,,,,,,
52.1352,,822.506,22.21592545,c(822.505764375786,823.5091703, 824.517378121342),c(1,0.462493021, 0.307362629725962),52,c(14679.3703688558,6789.106343, 4511.88987929289),43.56767381,41,0,6,0,0,0,1,0,1352,,,,,,
52.1428,,868.532,22.20085054,c(868.531703604839,869.5401894, 870.529524407502),c(1,0.599732001, 0.47030638875162),52,c(13731.5367497191,8235.242014, 6458.02946077054),43.42287639,53,0,9,0,0,0,0,0,1428,,,,,,
52.1537,,950.568,22.24779524,c(950.568439628916,951.5785092, 952.600578666577),c(1,0.644720466, 1.03703053070061),52,c(4076.07225430155,2621.165895, 4227.01137305236),43.87655352,57,0,9,0,0,0,0,0,1537,,,,,,
52.1567,,976.698,22.24611905,c(976.698282808448, 977.695106069007),c(1, 0.820237109340639),52,c(2507.05729730468, 2066.99651904137),43.86021417,72,0,14,0,0,0,0,0,1567,,,,,,,,,
52.1608,,1012.633,22.24311045,c(1012.6328344506,1013.635047,1014.626259, 1015.65320320652),c(1,0.58632495,0.424828655, 0.242305141500657),52,c(12696.8050796291,7445.200865,5398.61781, 3077.90345313389),43.83091273,51,1,6,0,0,0,1,0,1608,,,
52.1737,,1120.662,22.23966626,c(1120.66177135548, 1121.65801062117),c(1, 0.759531122648822),52,c(2945.12672254546, 2236.915405918),43.79741026,67,0,10,0,0,0,1,0,1737,,,,,,,,,
52.1815,,1196.667,22.20165167,c(1196.66744662978, 1197.66594692364),c(1, 0.69225360857228),52,c(2788.39089466824, 1922.73919992195),43.43055038,61,0,7,0,0,0,1,0,1815,,,,,,,,,
52.1821,,1204.632,22.23405666,c(1204.63243985067, 1205.63607966457),c(1, 0.512564719258563),52,c(2967.10709602614, 1510.57791772406),43.74293855,45,0,3,0,0,0,1,0,1821,,,,,,,,,
52.2009,,1426.866,22.22405237,c(1426.86566222928, 1427.87607913652),c(1, 0.766016700573179),52,c(1227.16235507703, 940.217191286967),43.64608204,67,0,6,0,0,0,1,0,2009,,,,,,,,,
60.256,,330.144,20.36953687,c(330.144429342049, 331.146075889176),c(1, 0.220268500839326),60,c(69663.1834548691, 15344.604983299),31.10265376,19,0,2,0,0,0,0,0,238,,,,,,,,,
60.318,,356.124,20.33845136,c(356.124344312934, 357.126578111408),c(1, 0.216956759965944),60,c(47114.7668665312, 10221.8671659134),30.96828554,19,0,2,0,0,0,0,0,301,,,,,,,,,
60.354,,374.137,20.34978136,c(374.13686608435, 375.140790841222),c(1, 0.224243042697867),60,c(232134.114818593, 52054.4602208974),31.01702523,19,0,2,0,0,0,0,1,339,,,,,,,,,
60.495,,432.199,20.34579518,c(432.199385068838, 433.20305989037),c(1, 0.283447657173721),60,c(24729.1127404581, 7009.40907026766),30.99984676,25,0,3,0,0,0,0,0,481,,,,,,,,,
60.533,,448.117,20.33272744,c(448.116720400261, 449.135359771929),c(1, 0.238406276722724),60,c(56828.588290302, 13548.2921456995),30.94376413,21,0,2,0,0,0,0,1,519,,,,,,,,,
60.568,kaempferol 3-O-glucuronide,462.089,20.3485328,c(462.08851932679, 463.091552536116),c(1, 0.250576308287504),60,c(43268.2379896206, 10841.9953415443),31.01164097,22,0,2,0,0,0,0,1,557,,,,,,,,,
60.6,,476.096,20.34899715,c(476.095818257626,477.1014302, 478.087510951837),c(1,0.255395281, 0.170766819866698),60,c(227155.867231395,58014.53663, 38790.6850611673),31.01364305,22,1,1,0,0,0,0,0,590,,,,,,
60.613,,480.305,20.3396664,c(480.304812580947,481.3049548, 482.287294479657),c(1,0.308826186, 0.193955968277994),60,c(31011.1065009576,9584.589853, 6014.83664661056),30.9734996,27,1,2,0,0,0,0,0,603,,,,,,
60.673,quercetin-3-O-glucose-6''-acetate,506.106,20.35951874,c(506.106194951355,507.1104444, 508.113406552495),c(1,0.260880146, 0.077602659604964),60,c(302552.16533297,78927.41308, 23478.8526990793),31.05912855,23,0,2,0,0,0,0,1,664,,,,,,
60.724,,526.314,20.35472418,c(526.314179453412,527.3175118,528.3214397, 529.32168447588),c(1,0.31576999,0.100099397, 0.0310794119493953),60,c(320723.256307725,101286.6849,32109.88467, 9972.13181221082),31.03837256,28,0,2,0,0,0,0,1,719,,,
60.9,,608.174,20.3583719,c(608.173592612298, 609.177121438561),c(1, 0.314782132688395),60,c(98676.4945970982, 31059.3427555383),31.05415938,27,0,2,0,0,0,0,1,897,,,,,,,,,
60.996,,650.253,20.32615666,c(650.253460369134, 651.25214012459),c(1, 0.430619148041163),60,c(17514.8716682988, 7538.50487701271),30.91569885,38,0,4,0,0,0,0,0,994,,,,,,,,,
60.1032,,664.249,20.34917415,c(664.24889122162, 665.252562715236),c(1, 0.402755352433961),60,c(22188.4609369415, 8932.26654238233),31.01440632,35,0,3,0,0,0,0,1,1030,,,,,,,,,
60.1221,,748.302,20.33103771,c(748.301510970955, 749.306914033623),c(1, 0.558894399146244),60,c(7052.58261600477, 3951.23415638361),30.93653833,49,0,6,0,0,0,0,0,1221,,,,,,,,,
60.1263,,770.193,20.38165646,c(770.192979495782, 771.199185018216),c(1, 0.42997656119103),60,c(30214.2272339379, 12985.7276587821),31.15559207,38,0,3,0,0,0,0,1,1263,,,,,,,,,
60.1345,,818.232,20.33405293,c(818.231596242868, 819.232846953471),c(1, 0.488040191769711),60,c(9856.42571354462, 4811.59492425665),30.94943651,43,0,4,0,0,0,0,1,1345,,,,,,,,,
60.1393,,844.218,20.36461288,c(844.218092921444,845.2219005, 846.243858226543),c(1,0.522629534, 0.75380192004532),60,c(11280.959325819,5900.866328, 8506.18645540687),31.08123439,46,0,5,0,0,0,0,0,1393,,,,,,
60.1408,,854.444,20.32891572,c(854.444415816179,855.4475717, 856.45148986693),c(1,0.546458359, 0.312382379895208),60,c(10248.1646464611,5596.356848, 3201.60994476632),30.9274725,48,0,5,0,0,0,0,1,1408,,,,,,
60.1479,,908.224,20.32272864,c(908.224295717632, 909.210250593151),c(1, 0.523730941459099),60,c(6612.76710876387, 3463.25733023415),30.90109264,46,0,4,0,0,0,0,1,1479,,,,,,,,,
60.1538,,952.201,20.33222495,c(952.201159203349, 953.189342436251),c(1, 0.462713701564889),60,c(12177.7601227505, 5636.23573422412),30.94161469,41,0,3,0,0,0,0,1,1538,,,,,,,,,
60.1571,,982.21,20.35616861,c(982.209705555391,983.2128452,984.2264228, 985.223515760455),c(1,0.542336411,0.343997357, 0.191334535805884),60,c(16668.8687651748,9048.425654,5743.969993, 3197.44274107982),31.04462053,48,0,4,0,0,0,0,1,1571,,,
60.1596,,1004.194,20.33920322,c(1004.19368469852, 1005.18862197188),c(1, 0.638210429219931),60,c(2434.0486659511, 1555.10172056433),30.97151162,56,0,6,0,0,0,0,0,1596,,,,,,,,,
60.1606,,1012.219,20.36929852,c(1012.21927564715,1013.223927,1014.228693, 1015.23197760321),c(1,0.54605608,0.265385583, 0.132531094562097),60,c(21028.3059012541,11479.36753,5579.102784, 2786.30215989405),31.10161578,48,0,4,0,0,0,0,1,1606,,,
60.1625,,1024.259,20.33987359,c(1024.25901172981, 1025.27674843309),c(1, 0.74705052271834),60,c(4559.53299576202, 3402.87586265734),30.97438898,66,0,9,0,0,0,0,0,1625,,,,,,,,,
60.1678,,1070.282,20.35492177,c(1070.28171859592, 1071.28904658651),c(1, 0.6569830804745),60,c(5839.42064905428, 3848.73166421364),31.03922699,58,0,6,0,0,0,0,1,1678,,,,,,,,,
60.1688,,1078.287,20.35106701,c(1078.2866979591, 1079.30410331177),c(1, 0.813590371977755),60,c(4799.65052986691, 3900.50203902866),31.02257283,72,0,10,0,0,0,0,0,1688,,,,,,,,,
60.1693,,1084.279,20.33763755,c(1084.2790908073,1085.28124, 1086.2862338741),c(1,0.636139197, 0.583000517942166),60,c(8630.21773045136,5494.372765, 5041.86135432051),30.96479499,56,0,6,0,0,0,0,1,1693,,,,,,
60.1732,,1114.292,20.35259006,c(1114.29160883519,1115.292216, 1116.30014871396),c(1,0.650456629, 0.472465154083388),60,c(10703.1535080536,6967.04837, 5064.7069105896),31.02914929,57,0,6,0,0,0,0,1,1732,,,,,,
60.1747,,1128.285,20.34919751,c(1128.2853569616,1129.258385, 1130.31131684994),c(1,0.446350749, 1.19258223143898),60,c(4363.51221303246,1949.889071, 5201.6174583142),31.01450702,39,0,1,0,0,0,0,1,1747,,,,,,
60.1782,,1158.29,20.33085028,c(1158.28952954444, 1159.28824555055),c(1, 0.714581786578162),60,c(3549.89007362604, 2533.54477483354),30.93573721,63,0,7,0,0,0,0,1,1782,,,,,,,,,
60.1791,,1164.325,20.35712227,c(1164.32502836638, 1165.3228302953),c(1, 0.841118638734999),60,c(3770.66481069119, 3179.50731396435),31.048748,74,0,9,0,0,0,0,0,1791,,,,,,,,,
60.1866,,1246.334,20.36346442,c(1246.33373743667, 1247.33692767032),c(1, 0.800163810983591),60,c(3205.74215601185, 2561.84320299526),31.07624591,70,0,8,0,0,0,0,1,1866,,,,,,,,,
60.1895,,1264.327,20.34109521,c(1264.3265983488, 1265.32946213021),c(1, 0.786737042170464),60,c(4337.3082196828, 3410.25864635931),30.97963492,69,0,7,0,0,0,0,1,1895,,,,,,,,,
67.107,sinapic acid,224.069,17.64796659,c(224.069161059489,225.0729497, 226.074731765326),c(1,0.127101591, 0.0229339232416155),67,c(164627.666119847,20923.72723, 3784.16348046045),24.91252485,11,0,1,0,0,0,0,0,85,,,,,,
67.12,,238.049,17.61234255,c(238.048796268108, 239.051320754132),c(1, 0.126480001454116),67,c(31082.4801959029, 3936.81751549696),24.88153859,11,0,1,1,0,0,0,0,98,,,,,,,,,
67.355,,374.137,17.64898909,c(374.136659172277, 375.138428813742),c(1, 0.246199331154536),67,c(19861.7677283175, 4894.09927354519),24.91342524,21,0,2,0,0,0,0,0,340,,,,,,,,,
67.1178,,726.184,17.6477017,c(726.183847351522, 727.185886755917),c(1, 0.388272557223418),67,c(12029.310174543, 4676.6911035545),24.9122917,34,0,3,0,0,0,0,1,1178,,,,,,,,,
67.1338,,814.198,17.65736298,c(814.197529731151,815.2019405, 816.203326892506),c(1,0.50166158, 0.361187236208162),67,c(5889.05634335163,2959.362092, 2127.35206180267),24.92082238,44,0,5,0,0,0,0,0,1338,,,,,,
67.1492,,918.245,17.62858646,c(918.24494503492, 919.250203565902),c(1, 0.513954115115449),67,c(3455.81993216222, 1778.13883744158),24.89557577,45,0,4,0,0,0,0,1,1492,,,,,,,,,
69.227,,317.058,20.79157108,c(317.058146436932, 318.064244820222),c(1, 0.222865891679487),69,c(48209.6091923767, 10744.2775401786),33.13778855,19,0,3,0,0,0,0,0,209,,,,,,,,,
69.443,,410.031,20.81508585,c(410.030552024305,411.0351034,412.0331502, 413.034293269332),c(1,0.202498892,0.091085551, 0.0194811946045252),69,c(221119.009553358,44773.50224,20140.74687, 4307.66245586885),33.26336283,18,1,1,0,0,0,0,0,429,,,
69.49,,432.107,20.8148227,c(432.107113893819, 433.110402649322),c(1, 0.251469463462481),69,c(48336.4563679511, 12155.1427485263),33.26195011,22,0,2,0,0,0,0,0,476,,,,,,,,,
69.537,,448.23,20.82549561,c(448.229843763342, 449.234267607833),c(1, 0.222931037512152),69,c(50982.7943643503, 11365.6472429133),33.31938466,19,0,1,1,0,0,0,1,523,,,,,,,,,
69.622,,486.086,20.80261347,c(486.085920828624,487.09287, 488.090209861112),c(1,0.341212667, 0.450706312045386),69,c(13176.4442411043,4491.248172, 5938.70658977979),33.19658967,30,0,4,0,0,0,0,0,613,,,,,,
69.676,,508.139,20.80544607,c(508.138911812293, 509.142061817575),c(1, 0.347930231450398),69,c(46628.7125337387, 16223.5387440978),33.21172121,30,0,4,0,0,0,0,0,669,,,,,,,,,
69.1208,,741.198,20.81629944,c(741.19836968001, 742.213272558938),c(1, 0.486900195589654),69,c(26452.2405727125, 12879.6011086383),33.26988033,43,0,5,0,0,0,0,0,1208,,,,,,,,,
69.128,,778.277,20.82198671,c(778.276694268312, 779.278869351713),c(1, 0.475758881122809),69,c(18170.545707787, 8643.35259514649),33.3004713,42,0,4,0,0,0,0,1,1280,,,,,,,,,
69.1638,,1038.278,20.80252763,c(1038.27751923876, 1039.29174020202),c(1, 0.557153685193411),69,c(5499.48249882825, 3063.80586003392),33.19613144,49,0,4,0,0,0,0,1,1638,,,,,,,,,
69.1673,,1066.334,20.8002324,c(1066.33445711985, 1067.30949055789),c(1, 0.677767124138568),69,c(4985.19599812457, 3379.87527179766),33.18388532,60,0,7,0,0,0,0,1,1673,,,,,,,,,
69.2045,,1480.409,20.81790155,c(1480.40919235558,1481.402333,1482.401308, 1483.41135740441),c(1,0.763860914,0.513230575, 0.502681011912503),69,c(5298.98872358116,4043.640304,2717.476166, 2663.07815357437),33.27848984,67,1,4,0,0,0,0,0,2045,,,
74.86,,207.091,15.00100408,c(207.090547520297, 208.094575541866),c(1, 0.132908397438142),74,c(40827.7112099745, 5428.68357268087),23.61442043,11,0,1,1,1,0,0,0,57,,,,,,,,,
74.451,,416.165,15.01834923,c(416.164547226289, 417.16838097196),c(1, 0.244776172035247),74,c(14112.5874508644, 3453.33931126004),23.62172194,21,0,2,0,0,0,0,1,437,,,,,,,,,
74.507,,436.168,15.0548335,c(436.168098145933, 437.173073706902),c(1, 0.22744794602227),74,c(23936.796751645, 5446.41281069017),23.6369459,20,0,1,0,0,0,0,1,493,,,,,,,,,
74.57,,462.166,15.02363839,c(462.165862985326, 463.169214300865),c(1, 0.248429798626989),74,c(19493.5218607974, 4843.13097175308),23.62394015,22,0,2,0,0,0,0,1,559,,,,,,,,,
74.872,,594.158,15.02193693,c(594.158426241016,595.1627166,596.1657637,597.167644, 598.197911379684),c(1,0.299436133,0.080070484,0.020185219, 0.0108362619111088),74,c(430482.097760084,128900.5864,34472.20858,8689.070249, 4666.065495663),23.62322699,26,0,2,0,0,0,0,1,868
74.1023,,662.145,15.02850018,c(662.145430727553,663.1453574, 664.140582166723),c(1,0.376009118, 0.296319311591489),74,c(10574.4531755998,3969.957064, 3132.57890831703),23.62597574,33,0,3,0,0,0,0,1,1021,,,,,,
74.1235,,756.214,15.03531987,c(756.214398742999, 757.216024130984),c(1, 0.442043909774752),74,c(8494.48897153737, 3758.18179348741),23.62882568,39,0,4,0,0,0,0,1,1235,,,,,,,,,
74.1526,,946.262,15.0255771,c(946.26222360243, 947.268870821049),c(1, 0.455452182044392),74,c(6179.56087608368, 2822.97141946935),23.62475225,40,0,3,0,0,0,0,1,1526,,,,,,,,,
76.6,,117.057,16.81541597,c(117.057370169036, 118.061201821354),c(1, 0.0993065026248676),76,c(16499.2851568938, 1640.86911326864),24.34812538,8,0,1,0,1,0,1,0,1040,,,,,,,,,
76.1047,,668.138,16.79398523,c(668.138157673905, 669.151829019941),c(1, 0.407542778189864),76,c(4902.56764904661, 2003.20590028711),24.3371096,36,0,4,0,0,0,0,0,1046,,,,,,,,,
77.208,,300.194,21.04053971,c(300.193763795368, 301.19638718021),c(1, 0.188339900141767),77,c(39550.8358463657, 7421.78718370646),34.53748874,16,0,1,1,0,0,0,0,190,,,,,,,,,
77.469,,422.212,21.03935161,c(422.211863110929, 423.218135834359),c(1, 0.272579148260398),77,c(18551.1054848477, 5023.02222772287),34.53043248,24,0,2,0,0,0,0,0,455,,,,,,,,,
77.765,,548.164,21.03734904,c(548.164487789509, 549.176869178305),c(1, 0.428825316233033),77,c(18619.5796599887, 7984.54713582081),34.51854745,38,0,5,0,0,0,0,0,760,,,,,,,,,
77.842,,580.303,21.02851741,c(580.302813661605, 581.315041164653),c(1, 0.364583345461804),77,c(22501.4199496097, 8159.80810943891),34.46625809,32,0,3,0,0,0,0,1,838,,,,,,,,,
77.1185,,728.397,21.02696181,c(728.396900657586, 729.392035731625),c(1, 0.504050519366082),77,c(11436.0078810644, 5764.32571192513),34.45706903,44,0,5,0,0,0,0,1,1185,,,,,,,,,
77.1212,,744.188,21.01044134,c(744.188197432061, 745.192341816779),c(1, 0.502645070247343),77,c(12261.1280457053, 6242.29450470315),34.35987113,44,0,5,0,0,0,0,0,1212,,,,,,,,,
77.1251,,764.294,21.0175428,c(764.294096389641,765.2927825, 766.277527791723),c(1,0.492806895, 0.415864180725583),77,c(18255.7168557864,9057.272095, 7591.89873378981),34.40156519,43,0,4,0,0,0,0,1,1251,,,,,,
77.1309,,800.36,21.05037425,c(800.360396039682,801.3612701, 802.338241621931),c(1,0.5280633, 0.443013444658633),77,c(13850.0330686858,7324.793186, 6141.48334077502),34.59603943,46,0,5,0,0,0,0,1,1309,,,,,,
77.1494,,918.283,21.04755498,c(918.282852663614, 919.277732108996),c(1, 0.584536645281113),77,c(8907.48856701631, 5212.69931746764),34.57922865,51,0,5,0,0,0,0,1,1494,,,,,,,,,
77.1972,,1368.624,21.03319772,c(1368.62377202347,1369.628498, 1370.64481140351),c(1,0.603792693, 0.35631362054017),77,c(5233.9405635834,3176.533336, 1884.57304295767),34.4939433,53,0,4,0,0,0,1,0,1972,,,,,,
81.104,,222.161,22.33504739,c(222.160870645727, 223.164174216505),c(1, 0.145620690337811),81,c(24990.3441808393, 3639.11117139333),44.74163088,12,0,0,1,0,0,0,0,81,,,,,,,,,
81.641,,492.282,22.34473124,c(492.281735936632, 493.282831211328),c(1, 0.383198377485847),81,c(11297.1130500489, 4329.03539105293),44.83941869,33,0,3,0,0,0,1,0,632,,,,,,,,,
81.777,,554.416,22.3389402,c(554.416199764011, 555.419938134371),c(1, 0.383830946536566),81,c(31436.5874620306, 12066.3351214307),44.7808976,34,0,3,1,0,0,0,0,772,,,,,,,,,
81.91,,610.282,22.32740378,c(610.282473526814, 611.283504719131),c(1, 0.46093056328793),81,c(13481.4111625816, 6213.99444108492),44.66469776,40,0,4,0,0,0,0,0,908,,,,,,,,,
81.101,,656.409,22.33947727,c(656.4091061172, 657.418291463533),c(1, 0.597463190334439),81,c(8885.53210377676, 5308.77835854154),44.78631961,52,0,0,0,0,0,1,0,1008,,,,,,,,,
81.1035,,664.534,22.33287945,c(664.533667705308, 665.535585898855),c(1, 0.471891199492545),81,c(4252.5624482435, 2005.4110973249),44.71978791,41,0,8,0,0,0,0,0,1033,,,,,,,,,
81.1085,,682.493,22.30924943,c(682.493130866144,683.4924135, 684.482122753787),c(1,0.466998658, 0.413878648769189),81,c(12750.580239013,5954.503856, 5277.19292034582),44.482863,41,0,3,1,0,0,0,1,1085,,,,,,
81.1162,,716.456,22.34916236,c(716.455520700829, 717.440500478797),c(1, 0.34923634584206),81,c(21809.0604597723, 7616.51658121945),44.88428372,30,0,1,1,0,0,0,1,1162,,,,,,,,,
81.1373,,832.41,22.33061829,c(832.409832083476,833.4132044, 834.407458791698),c(1,0.568177674, 0.335652310213086),81,c(9997.41857522353,5680.310034, 3355.656640941),44.69702478,50,1,4,0,0,0,0,0,1373,,,,,,
81.1557,,968.65,22.32523926,c(968.649564361741,969.6500186, 970.659223523921),c(1,0.624967028, 0.339927992233035),81,c(8106.02467390192,5060.677082, 2753.86030208463),44.6429521,55,0,8,0,0,0,0,0,1557,,,,,,
81.1609,,1014.436,22.33014643,c(1014.43556604948, 1015.43249398258),c(1, 0.812915872796185),81,c(2059.18553651176, 1672.42901147038),44.69227702,71,0,9,0,0,0,1,0,1609,,,,,,,,,
81.1628,,1026.649,22.32962885,c(1026.64873457338,1027.652531,1028.651893,1029.652292, 1030.64120262877),c(1,0.636259189,0.282844678,0.094616906, 0.0937826597263428),81,c(55647.3288867086,35402.54987,15739.5508,5265.178067, 5218.75450966207),44.68707013,56,1,7,0,0,0,1,0,1628
81.1676,,1068.686,22.33018918,c(1068.68621363496,1069.687959, 1070.70145735516),c(1,0.639611766, 0.528556453023581),81,c(6664.46604022187,4261.778353, 3520.31855517823),44.6927071,56,0,7,0,0,0,1,0,1676,,,,,,
88.56,,458.16,21.89949796,c(458.159921367457, 459.164341679062),c(1, 0.312439696564402),88,c(38628.8435876647, 12069.1841691637),40.69908333,27,0,3,0,0,0,0,0,549,,,,,,,,,
88.928,,618.265,21.90349203,c(618.265178333719, 619.278927557008),c(1, 0.314473024420469),88,c(13947.3543788712, 4386.06671418771),40.73311707,27,0,1,1,0,0,0,1,926,,,,,,,,,
88.1253,,764.439,21.91140609,c(764.439007748695, 765.443683947784),c(1, 0.52550985594105),88,c(18758.9748748005, 9858.02618405819),40.80071284,46,0,4,0,0,0,0,1,1253,,,,,,,,,
88.1502,,924.48,21.90371812,c(924.479880496161, 925.476945248254),c(1, 0.557003968253992),88,c(5978.01974740508, 3326.52772423352),40.7350452,49,0,4,0,0,0,0,1,1502,,,,,,,,,
88.1519,,940.496,21.91477656,c(940.496157500528, 941.50008018763),c(1, 0.531702910338576),88,c(49063.3629253691, 26090.6679167644),40.82956536,47,0,4,0,0,0,0,1,1519,,,,,,,,,
88.1663,,1058.583,21.91134951,c(1058.58323477478, 1059.57205632746),c(1, 0.554011465528773),88,c(5778.31534492513, 3194.656189379),40.80022884,49,0,5,0,0,0,1,0,1663,,,,,,,,,
88.1686,,1076.624,21.91582222,c(1076.62432803209,1077.631991,1078.624804, 1079.6284456034),c(1,0.604345765,1.302764961, 0.721722887673366),88,c(9720.75702076538,5876.029742,12675.43604, 7024.28942748068),40.83852442,53,0,6,0,0,0,1,0,1686,,,
88.1719,,1104.64,21.9085277,c(1104.64017416353, 1105.65030741489),c(1, 0.653630358344729),88,c(5195.67072722034, 3396.04811927425),40.77610324,57,0,7,0,0,0,1,0,1719,,,,,,,,,
88.1903,,1270.686,21.91763386,c(1270.68642682882, 1271.6734972176),c(1, 0.552097944325496),88,c(23096.5429883346, 12749.132549936),40.85405516,48,0,3,0,0,0,1,0,1903,,,,,,,,,
88.2093,,1581.834,21.9137248,c(1581.83415588335,1582.836655, 1583.83204872277),c(1,1.314275641, 1.15034696874175),88,c(982.586255824486,1278.329153, 1119.70889456967),40.82055769,116,0,19,0,0,0,1,0,2093,,,,,,
91.33,Acetovanillone,166.064,15.27934108,c(166.063608408339, 167.066668278029),c(1, 0.104822866785172),91,c(41600.6525833604, 4367.34976450199),23.72708641,9,0,1,0,0,0,0,0,60,,,,,,,,,
91.109,,226.121,15.28125434,c(226.121302821923, 227.124824685822),c(1, 0.132993119702453),91,c(161747.352746972, 21518.2433761757),23.72783175,11,0,1,1,0,0,0,0,87,,,,,,,,,
91.524,,444.129,15.29879006,c(444.128665833043,445.1309913, 446.126492092128),c(1,0.236492054, 0.179782704019616),91,c(38405.559468159,9084.7888, 6926.77641641545),23.73464764,21,0,2,0,0,0,0,1,510,,,,,,
91.563,,460.121,15.27976363,c(460.120890804439, 461.128155001806),c(1, 0.312144316481116),91,c(8363.50777597561, 2615.6237653971),23.72725105,27,0,4,0,0,0,0,0,552,,,,,,,,,
91.597,,474.217,15.28994313,c(474.216585226813,475.221156,476.1961699, 477.193033519178),c(1,0.287496782,0.750504142, 0.243293008551989),91,c(10493.8215003181,3017.443611,7875.283702, 2557.18799425396),23.73121242,25,0,2,0,0,0,0,1,587,,,
91.814,,566.257,15.29645458,c(566.256569569966, 567.260409580775),c(1, 0.305063340229117),91,c(28048.5860059603, 8562.92540214471),23.73374146,27,0,2,0,0,0,0,1,810,,,,,,,,,
93.342,,368.111,11.34515125,c(368.110862559857, 369.114936228271),c(1, 0.194757888836606),93,c(169308.03515332, 32971.8586991279),20.29864423,17,0,1,0,0,0,0,1,327,,,,,,,,,
93.1241,,758.207,11.3406885,c(758.206678409091, 759.201082654988),c(1, 0.492003898491127),93,c(2969.48979107707, 1453.40338496664),20.29195485,43,0,5,0,0,0,0,0,1241,,,,,,,,,
95.148,,256.132,14.21655875,c(256.131610707142, 257.134392756764),c(1, 0.153433709806771),95,c(18559.0951977623, 2852.0813434893),23.22796211,13,0,1,0,0,0,0,0,128,,,,,,,,,
95.248,,328.096,14.17590856,c(328.095808337177,329.0999785, 330.101608274297),c(1,0.195163382, 0.0607157806034731),95,c(139558.639317399,27239.52413, 8474.80738625679),23.20430074,17,0,2,0,0,0,0,0,230,,,,,,
95.388,,386.195,14.21296208,c(386.194792006578, 387.196483518402),c(1, 0.228179014868973),95,c(29511.231421544, 6739.7400933385),23.22588514,20,0,2,0,0,0,0,1,373,,,,,,,,,
95.565,,460.157,14.14955364,c(460.157294767803, 461.157480215237),c(1, 0.254957176603364),95,c(11261.5714490147, 2874.79111412508),23.18873886,22,0,2,0,0,0,0,1,554,,,,,,,,,
95.741,,532.129,14.17567581,c(532.128960689092, 533.125329996623),c(1, 0.36310972420558),95,c(5412.36232220363, 1965.68924123749),23.20416407,32,0,4,0,0,0,0,0,736,,,,,,,,,
95.788,,560.175,14.22646965,c(560.174742762373, 561.177633475226),c(1, 0.304590185378365),95,c(14648.2151614521, 4353.58372749012),23.23366884,27,0,2,0,0,0,0,1,783,,,,,,,,,
95.1332,,812.207,14.1986389,c(812.206888140484,813.2071028,814.212452, 815.218397711898),c(1,0.376420782,0.260819374, 0.123605277132714),95,c(8588.31431086391,3222.888508,2243.262875, 1066.4758631101),23.21758216,33,0,2,0,0,0,0,1,1332,,,
96.224,,316.08,6.922794596,c(316.080004315753,317.0838354, 318.085247797558),c(1,0.141305405, 0.046086093376089),96,c(156142.486871956,22064.32673, 7199.72956250041),11.48720539,12,0,1,0,0,0,0,1,206,,,,,,
96.394,,388.196,6.937364282,c(388.196358650349, 389.194948943956),c(1, 0.259691616182031),96,c(30724.1665492347, 7984.53058638285),11.51933386,23,0,3,0,0,0,0,0,379,,,,,,,,,
96.1288,,785.306,6.942283826,c(785.305785335621, 786.310213455232),c(1, 0.31487906198524),96,c(4042.74733684763, 1260.12115173704),11.53018422,27,0,0,0,1,0,0,1,1288,,,,,,,,,
101.102,,218.116,19.62165178,c(218.116342843215, 219.118591152482),c(1, 0.11548190051447),101,c(37437.4428425575, 4322.7248179275),28.38635249,10,0,0,1,0,0,0,0,79,,,,,,,,,
101.683,,510.214,19.62268756,c(510.214334792757, 511.215882315217),c(1, 0.327100312634251),101,c(14284.3141764916, 4671.02735340962),28.38943157,29,0,3,0,0,0,0,0,677,,,,,,,,,
101.916,,612.261,19.5984457,c(612.26070460308, 613.261432402387),c(1, 0.35464270793764),101,c(12564.0477925059, 4461.40371522744),28.317817,31,0,3,0,0,0,0,1,914,,,,,,,,,
101.1407,,854.324,19.61025848,c(854.32404586355, 855.328830408739),c(1, 0.48227543207454),101,c(8361.57930872453, 4037.89671908024),28.35259683,42,0,4,0,0,0,0,1,1407,,,,,,,,,
106.455,,418.122,7.253715243,c(418.122366314942, 419.125890842464),c(1, 0.199698858171372),106,c(49206.6133841268, 9839.21280705467),12.21861444,17,0,1,0,0,0,0,1,441,,,,,,,,,
106.555,,456.092,7.237017072,c(456.092249868156,457.0958248,458.0894658, 459.096825839279),c(1,0.21256779,0.136891266, 0.0813657522552552),106,c(38729.4711370468,8235.255985,5302.490511, 3158.24434839795),12.18164803,18,1,1,0,1,0,0,0,544,,,
107.427,,404.112,17.9095154,c(404.111938260892, 405.115136711792),c(1, 0.230344544535943),107,c(32281.6665120015, 7435.59950871904),25.16421799,20,0,2,0,0,0,0,1,413,,,,,,,,,
107.605,,478.116,17.89633864,c(478.116445022236, 479.116276226197),c(1, 0.315207304748193),107,c(10408.1008028155, 3280.08789555826),25.1504548,27,0,3,0,0,0,0,0,595,,,,,,,,,
107.829,,574.189,17.87828176,c(574.189206707227, 575.188781109938),c(1, 0.361052149023748),107,c(9844.51393296986, 3555.01401522582),25.13179004,32,0,4,0,0,0,0,0,825,,,,,,,,,
107.992,,650.113,17.88552574,c(650.113439967587, 651.118547810217),c(1, 0.479447726897496),107,c(2757.66551874607, 1317.43024673454),25.13925084,42,0,6,0,0,0,0,0,990,,,,,,,,,
107.123,,756.192,17.90151525,c(756.191745101972,757.1955398,758.1978777, 759.197246981998),c(1,0.396991672,0.123731077, 0.0341971742904892),107,c(103960.233330509,41280.33675,12868.52977, 3557.83754141029),25.15584735,35,0,3,0,0,0,0,1,1230,,,
107.1406,,854.324,17.88075972,c(854.32377678961, 855.329622191711),c(1, 0.575227633777117),107,c(2127.65271906234, 1226.76380998328),25.13433811,50,0,6,0,0,0,0,1,1406,,,,,,,,,
107.2063,,1512.386,17.92625035,c(1512.38558923412, 1513.39765686016),c(1, 0.806786051680269),107,c(773.370417829767, 625.882898663697),25.18187319,71,0,6,0,0,0,0,1,2063,,,,,,,,,
108.567,,462.117,17.50766173,c(462.116848343338,463.1205729, 464.124787113837),c(1,0.283489752, 0.0989277075676858),108,c(45736.0050021613,12979.90841, 4541.74935875173),24.79465997,25,0,3,0,0,0,0,0,556,,,,,,
108.602,,476.19,17.51560573,c(476.189566653471, 477.191726613542),c(1, 0.269325433372982),108,c(13641.0308965164, 3682.23327557096),24.80104128,23,0,2,0,0,0,0,1,592,,,,,,,,,
108.1287,,784.187,17.51713616,c(784.187342345566, 785.187240684717),c(1, 0.52511206320707),108,c(3726.61786178924, 1955.99740842957),24.80227456,46,0,6,0,0,0,0,0,1287,,,,,,,,,
108.1512,,934.24,17.52281557,c(934.240499611577,935.2427197,936.2451189, 937.247869261072),c(1,0.462960244,0.168715528, 0.0510203014622566),108,c(42853.7526350401,19839.64416,7235.588912, 2190.44872092019),24.80686231,41,0,3,0,0,0,0,1,1512,,,
108.1523,,944.26,17.51715019,c(944.2599521561, 945.269583740147),c(1, 0.588786609252758),108,c(2302.61852218246, 1348.95509941239),24.80228587,52,0,6,0,0,0,0,1,1523,,,,,,,,,
108.1579,,988.246,17.51343794,c(988.246096801368, 989.254788355434),c(1, 0.611588352609671),108,c(2762.39367408443, 1692.18775610014),24.79929655,54,0,6,0,0,0,0,1,1579,,,,,,,,,
122.19,,150.017,15.48106781,c(150.017134461388, 151.020008918896),c(1, 0.0623924600267483),122,c(17070.4347599157, 1042.77253416636),23.80407776,5,0,0,1,0,0,0,0,535,,,,,,,,,
122.7,,196.074,15.50850113,c(196.074345083953, 197.077437865829),c(1, 0.113120147099642),122,c(56525.0167768425, 6394.72475028211),23.81434547,10,0,1,0,0,0,0,0,37,,,,,,,,,
122.174,,276.113,15.50258927,c(276.11272864611, 277.112404804756),c(1, 0.188311904504663),122,c(17062.2730959305, 3214.20675647518),23.81213595,16,0,2,0,0,0,0,0,154,,,,,,,,,
122.391,,388.116,15.47084664,c(388.116072078623, 389.119171117806),c(1, 0.227782579535697),122,c(24296.3596014426, 5535.48545690502),23.80024223,20,0,2,0,0,0,0,0,376,,,,,,,,,
135.393,,388.174,13.98834195,c(388.17374176958, 389.176955940105),c(1, 0.208176897450402),135,c(46884.2893030661, 9766.15216286818),23.08963882,18,0,1,0,0,0,0,1,378,,,,,,,,,
135.541,,450.152,13.98231614,c(450.152371860376, 451.154245714403),c(1, 0.26707527952448),135,c(18779.125416723, 5018.59409922581),23.08580115,23,0,2,0,0,0,0,1,527,,,,,,,,,
135.876,,596.266,13.9567072,c(596.266375740494, 597.269948932941),c(1, 0.334716752420782),135,c(5540.15874968899, 1855.79253031842),23.06938177,29,0,2,0,0,0,0,1,873,,,,,,,,,
135.877,,598.226,13.95887534,c(598.226102891806, 599.228900293501),c(1, 0.327246525534577),135,c(30809.5922492671, 10089.9341862442),23.0707788,29,0,2,0,0,0,0,1,874,,,,,,,,,
135.1022,,661.222,13.9558325,c(661.222149464754, 662.224993024305),c(1, 0.432502599615239),135,c(6070.85368023667, 2623.14672329977),23.0688178,38,0,4,0,0,0,0,0,1020,,,,,,,,,
135.1486,,916.251,13.97111652,c(916.250738263786,917.2551181,918.2610238, 919.262624272104),c(1,0.451068666,0.203981221, 0.0958720740671058),135,c(11986.719515561,5411.36187,2446.190837, 1150.19236933536),23.07864233,39,0,3,0,0,0,0,1,1486,,,
156.332,,362.158,16.94507005,c(362.15795900497, 363.161352594565),c(1, 0.187971983821418),156,c(46869.3420662025, 8813.19880835558),24.41774501,16,0,1,1,0,0,0,1,317,,,,,,,,,
156.861,,590.183,16.94801527,c(590.183176093115, 591.18528462203),c(1, 0.353064625711876),156,c(6529.50873252503, 2313.81181177125),24.41938906,31,0,3,0,0,0,0,1,857,,,,,,,,,
156.933,,622.152,16.93577989,c(622.152340176578, 623.157119500998),c(1, 0.356797220217309),156,c(12324.8380452251, 4396.72365955059),24.41257812,31,0,3,0,0,0,0,1,931,,,,,,,,,
156.1431,,872.332,16.9870662,c(872.332197377504, 873.33491793981),c(1, 0.521000492892226),156,c(3200.81611047453, 1628.62995242981),24.44146585,46,0,5,0,0,0,0,1,1431,,,,,,,,,
164.913,,610.418,22.36862753,c(610.417505284717, 611.422350597072),c(1, 0.436816398363364),164,c(11147.6655593003, 4869.48311977286),45.08225843,38,0,3,0,0,0,0,0,911,,,,,,,,,
164.1156,,714.468,22.36557121,c(714.468094189359, 715.472450197643),c(1, 0.443173476099149),164,c(122024.258042439, 54077.9146050874),45.05107732,39,0,3,1,0,0,0,1,1156,,,,,,,,,
164.1396,,846.423,22.36832301,c(846.422890184267, 847.42571132234),c(1, 0.565356979936487),164,c(32168.5337426085, 18186.7050857061),45.07915008,50,0,5,0,0,0,0,1,1396,,,,,,,,,
180.84,,206.079,9.461932367,c(206.07939006841, 207.082930391484),c(1, 0.101449255299454),180,c(41250.1008486413, 4160.36869567306),16.96281773,9,0,1,1,0,0,0,0,55,,,,,,,,,
180.1073,,680.216,9.485500501,c(680.215651891251, 681.221452193436),c(1, 0.364682017175449),180,c(5731.93717967166, 2086.58882181651),17.01001003,32,0,3,0,0,0,0,1,1073,,,,,,,,,
192.8,,120.058,15.3820652,c(120.057525243979, 121.060475980034),c(1, 0.0892971909143024),192,c(81384.1515206578, 7266.99012168851),23.76666193,8,0,1,0,0,0,1,0,14,,,,,,,,,
192.65,,194.059,15.36795467,c(194.058901600431, 195.060704370328),c(1, 0.117341616341482),192,c(37055.8964008349, 4354.16990387418),23.76127571,10,0,1,0,0,0,0,0,29,,,,,,,,,
192.165,,272,15.35750919,c(271.999823675444, 273.005050435242),c(1, 0.167077326097968),192,c(7978.63646799701, 1301.2839726953),23.75727888,14,0,2,0,0,0,0,0,145,,,,,,,,,
192.181,,282.074,15.36313339,c(282.073922275103, 283.08133257128),c(1, 0.203153093943043),192,c(14719.336645881, 2989.05461892774),23.75943194,18,0,3,0,0,0,0,0,161,,,,,,,,,
192.484,,430.112,15.36621074,c(430.112274553181, 431.117129104894),c(1, 0.261414421393696),192,c(12282.6719119333, 3212.11286859615),23.76060899,23,0,3,0,0,0,0,0,470,,,,,,,,,
195,,244.18,11.13641816,c(244.179500274226, 245.181408838364),c(1, 0.143315104387583),195,c(11282.0135905618, 1618.71551144549),19.97891871,12,0,0,0,0,0,0,0,111,,,,,,,,,
198,,800.218,18.38803613,c(800.218029947275, 801.221037278975),c(1, 0.428979357277263),198,c(18184.3983227524, 7803.76377427135),25.75452487,38,0,3,0,0,0,0,1,1307,,,,,,,,,
203.66,ferulic acid,194.059,17.56918132,c(194.058906334006, 195.061768591688),c(1, 0.10475815813325),203,c(89707.6901103201, 9395.64949787573),24.84497658,9,0,1,1,0,0,0,0,30,,,,,,,,,
203.37,,380.17,17.58344882,c(380.170361131733, 381.172526394487),c(1, 0.228765975925318),203,c(11666.5646202299, 2670.73946571775),24.85694556,20,0,2,0,0,0,0,0,355,,,,,,,,,
216.81,,204.027,2.483494455,c(204.026599383697, 205.030625332617),c(1, 0.0859572698002003),216,c(50223.7720058655, 4316.59400491573),3.089646498,7,0,0,0,0,0,0,1,50,,,,,,,,,
216.668,raffinose (non-unique hit),504.169,2.468041709,c(504.168512936714, 505.172303819281),c(1, 0.225383512299829),216,c(11247.0230523927, 2539.22285113082),3.066866916,20,0,1,0,0,0,0,1,659,,,,,,,,,
216.1238,,758.225,2.431352999,c(758.224871848678, 759.225889708966),c(1, 0.320245609599861),216,c(8960.23463031419, 2863.85157200628),3.012939656,28,0,1,0,0,0,0,1,1238,,,,,,,,,
218,,342.112,17.35168284,c(342.111590770566, 343.113313597579),c(1, 0.213516906219958),218,c(30602.8851214726, 6534.23335254164),24.67597943,18,0,2,0,0,0,0,0,264,,,,,,,,,
230,,268.082,5.96557911,c(268.08173188626, 269.085072087871),c(1, 0.163758194510856),230,c(16593.4175856746, 2716.42656255561),9.409015508,14,0,2,0,0,0,0,0,141,,,,,,,,,
233.7,succinic acid,118.026,4.107863611,c(118.026401825417, 119.02823309568),c(1, 0.0511421885918242),233,c(45042.5807222642, 2306.02916427394),5.739525662,4,0,0,1,0,0,0,0,107,,,,,,,,,
233.1195,,736.23,4.140958956,c(736.229886886309, 737.231226691376),c(1, 0.375969082078969),233,c(7038.56981695439, 2648.2309158521),5.799170652,33,0,3,0,0,0,0,1,1195,,,,,,,,,
233.13,,796.248,4.121848217,c(796.248051053971,797.2543117, 798.260127726563),c(1,0.339434255, 0.713997191501519),233,c(4717.10107544268,1596.909447, 3371.50166151342),5.764701013,30,0,1,0,0,0,0,1,1300,,,,,,
233.136,,826.26,4.121495395,c(826.259786013605, 827.267076766782),c(1, 0.409044544796003),233,c(5618.88035007375, 2301.18800401896),5.764065353,36,0,3,0,0,0,0,1,1360,,,,,,,,,
233.158,,988.319,4.124940663,c(988.31860801765, 989.312055050955),c(1, 0.527674778467341),233,c(2042.69377585539, 1070.02043637979),5.770273615,46,0,4,0,0,0,0,1,1580,,,,,,,,,
233.1914,,1283.399,4.122027256,c(1283.39872124755, 1283.91496324533),c(1, 0.848121919740377),233,c(2058.11308526705, 1738.04451023935),5.765023588,75,0,9,0,0,0,0,0,1914,,,,,,,,,
233.1944,,1314.437,4.118792318,c(1314.43667618798,1315.43913, 1316.4389543538),c(1,0.563893978, 0.294315484512028),233,c(6471.15429028208,3656.768545, 1909.95986606728),5.759196232,49,1,1,0,1,0,0,1,1944,,,,,,
233.2022,,1446.465,4.141764338,c(1446.465247338, 1446.97154384157),c(1, 0.559973712954157),233,c(1703.37006026665, 954.245997434674),5.800624979,49,0,1,0,1,0,0,1,2022,,,,,,,,,
233.2044,,1476.491,4.127245951,c(1476.49114167207,1477.4906, 1478.48012407464),c(1,0.661722911, 0.351000475156309),233,c(4355.52904347713,2878.97963, 1530.09593646675),5.774429057,58,1,2,0,1,0,0,1,2044,,,,,,
233.207,,1527.493,4.121134794,c(1527.49335752496, 1527.99267709519),c(1, 0.580020092972965),233,c(1806.74812654272, 1025.75249526625),5.763415705,51,0,1,0,1,0,0,1,2070,,,,,,,,,
233.2113,,1638.542,4.153067498,c(1638.54154845971, 1639.53918302802),c(1, 0.734870817243575),233,c(2807.07392215402, 2060.70595500537),5.82105006,65,0,5,0,0,0,1,0,2113,,,,,,,,,
233.2136,,1689.035,4.140060351,c(1689.03482451045, 1689.54111459834),c(1, 1.00187419380928),233,c(1428.53836188058, 1441.79906179366),5.797548147,88,0,10,0,0,0,1,0,2136,,,,,,,,,
233.2169,,1800.581,4.125487223,c(1800.58120433191, 1801.59428343062),c(1, 0.760977951017841),233,c(2018.34887817074, 1535.90405302112),5.771258726,67,0,4,0,0,0,1,0,2169,,,,,,,,,
233.2177,,1851.085,4.109368365,c(1851.08505920353, 1851.59692574577),c(1, 1.01984015196946),233,c(1309.34610811902, 1338.47408262626),5.742232583,90,0,9,0,0,0,1,0,2177,,,,,,,,,
238.431,,404.191,7.958040931,c(404.191292838136, 405.193152698319),c(1, 0.202778221253598),238,c(16856.5827888242, 3419.32735592849),13.77529492,18,0,1,0,0,0,0,1,417,,,,,,,,,
238.69,,515.223,7.924897527,c(515.223018469794, 516.22284137895),c(1, 0.294690424927051),238,c(9972.60330786706, 2937.23186798449),13.702401,26,0,3,0,1,0,0,1,684,,,,,,,,,
251,,174.053,14.91579575,c(174.053498678897, 175.056541384932),c(1, 0.0899907520404721),251,c(37163.8183892762, 3343.76301656992),23.57792128,8,0,1,1,0,0,0,0,1068,,,,,,,,,
258.16,,268.083,5.130080513,c(268.0831028143, 269.086093936774),c(1, 0.13759804333875),258,c(33382.6734501788, 4595.106691979),7.683427974,12,0,1,0,0,0,0,1,140,,,,,,,,,
258.1305,,798.264,5.115899538,c(798.263692560968,799.2686755, 800.267085589909),c(1,0.369376376, 0.137096019498329),258,c(9005.79349344998,3327.170198, 1228.60594201911),7.655101447,32,1,1,0,1,0,0,0,1305,,,,,,
259.3,,94.041,18.43290565,c(94.0411267837676, 95.0447002614847),c(1, 0.0687978599317741),259,c(26776.3265166615, 1846.48790795448),25.81986706,6,0,1,0,0,0,0,0,12,,,,,,,,,
259.14,salicylic acid,138.032,18.42299367,c(138.031973873233, 139.035020984943),c(1, 0.0781962950659104),259,c(67663.3921527606, 5291.02657793767),25.80527114,7,0,1,1,0,0,0,0,22,,,,,,,,,
259.206,,300.023,18.43142426,c(300.022558558306, 301.020794535727),c(1, 0.15313134837165),259,c(13658.3490530198, 2092.49147085907),25.81767977,13,0,1,0,0,0,0,0,188,,,,,,,,,
259.118,,726.199,18.420623,c(726.199279263431, 727.203482771341),c(1, 0.452875312374216),259,c(3224.50081157899, 1461.06434416451),25.80179384,40,0,5,0,0,0,0,0,1180,,,,,,,,,
281,,484.143,2.202234955,c(484.143033025756, 485.147523912106),c(1, 0.285421592288419),281,c(6391.15845466487, 1828.36112064686),2.680954403,25,0,3,0,0,0,0,1,612,,,,,,,,,
301.105,N-acetyl tyrosine,223.085,9.542593613,c(223.08546157254, 224.090197638904),c(1, 0.148676308083841),301,c(21252.3678252442, 3165.86479317983),17.12386748,13,0,2,0,1,0,0,0,83,,,,,,,,,
301.1149,,711.271,9.540686733,c(711.270589489641,712.2721363, 713.27331614979),c(1,0.331901451, 0.104327556789517),301,c(20322.4566305085,6747.50967, 2121.00720864657),17.12007544,29,0,2,0,1,0,0,1,1149,,,,,,
305.5,,182.059,9.104702589,c(182.058583009851, 183.059365478656),c(1, 0.126254262191454),305,c(40068.4445390573, 5058.45943458053),16.2346635,11,0,2,0,0,0,0,0,9,,,,,,,,,
305.75,,198.053,9.122519767,c(198.053301001878, 199.055830719732),c(1, 0.115729160301541),305,c(16378.5470854337, 1895.24552400119),16.27151909,10,0,1,0,0,0,0,0,42,,,,,,,,,
305.328,,360.106,9.117190479,c(360.106123865457, 361.10788158528),c(1, 0.263795461813337),305,c(20308.3017585728, 5357.49866068256),16.26050081,23,0,3,0,0,0,0,0,313,,,,,,,,,
305.461,,420.185,9.085633417,c(420.184872852688, 421.187627426093),c(1, 0.209167403951067),305,c(23382.027834722, 4889.88236828547),16.19515952,18,0,1,0,0,0,0,1,447,,,,,,,,,
322.283,,342.097,12.71044477,c(342.096769672225, 343.100787805871),c(1, 0.235352563200048),322,c(11828.2707203357, 2783.81383225508),22.03095186,20,0,3,0,0,0,0,0,265,,,,,,,,,
322.1252,,764.295,12.71491988,c(764.295397362364, 765.300841226549),c(1, 0.38101621178418),322,c(8523.08299065343, 3248.09051134256),22.03558338,33,0,2,0,0,0,0,1,1252,,,,,,,,,
326,,717.336,18.81423355,c(717.335804290702, 718.338895865728),c(1, 0.394443948491789),326,c(7762.49040462731, 3063.25142496019),26.45614004,34,0,2,0,0,0,0,1,1163,,,,,,,,,
392,,310.126,8.862142503,c(310.126098403005, 311.129255542622),c(1, 0.190153912276429),392,c(13303.9471381498, 2530.92573043042),15.72787579,16,0,2,0,0,0,0,0,199,,,,,,,,,
